CPU_mean,CPU_std,CPU_user,CPU_system,CPU_interrupt,CPU_wait,Mem_used_mean,Mem_used_std,Used_mem_ratio,Disk_read,Disk_write,Disk_read_write_ratio,Total_filesystem_events,Create_filesystem_events,Modify_filesystem_events,Delete_filesystem_events,Avg_path_length,Unique_path_count,Directory_event_ratio,EventID_entropy,Event_count,num_services,num_unique_paths_services,Num_processes,Avg_num_reads,Avg_num_writes,Avg_bytes_read,Avg_bytes_written,write_read_ratio,std_bytes_written,procceses_with_more_writes_than_reads_percentage,entropy_path,processes_without_path,orphan_processes,different_parents_per_processes,unique_users,OS,Infected,Ejecution
91.10666666666665,16.845032693253568,83.16000000000001,7.463333333333334,0.18333333333333332,8.893333333333334,1532932096.0,22243693.04179313,0.373264462026863,1468.0,1114.0,0.7583390061266168,1077.0,127.0,824.0,0.0,6.536675951717735,133.0,0.3515769944341373,0.23343680224667723,369.0,179.0,1.0,227.0,3943.863436123348,2767.4273127753304,4943754.713656387,717774.3788546255,0.1451880757117268,7135979.749109934,17.105263157894736,6.455352360798852,88.0,2.0,18.455673793207612,16.0,Linux,1,braincipher
83.3,20.468810962589455,76.73157894736842,6.394736842105263,0.15789473684210525,16.7,1543302736.8421052,7957183.5044580195,0.37578968260571516,354.0,1890.0,5.323943661971831,3016.0,179.0,2748.0,2.0,6.797413793103448,364.0,0.16241299303944315,0.15109697051711368,184.0,179.0,1.0,226.0,6551.08407079646,3026.2433628318586,5520130.265486726,767238.7964601769,0.13898923042956432,7251607.8116475055,18.06167400881057,6.463642438954321,88.0,2.0,18.46181761575548,16.0,Linux,1,braincipher
99.26666666666667,2.555363977493474,86.80666666666667,12.243333333333332,0.23,0.7333333333333333,1594431488.0,26101354.21740019,0.3882393833099119,4344.0,2294.0,0.5279631760644419,19292.0,107.0,19049.0,47.0,2.7719261870205267,214.0,0.4724511480847976,0.339922519461104,315.0,178.0,1.0,225.0,2211.5022222222224,1491.8755555555556,4008582.257777778,231050.8088888889,0.05763901958144075,2034076.0107638387,14.601769911504425,6.472749856149832,90.0,2.0,18.525456548289995,15.0,Linux,1,fog1
99.96666666666667,0.12685406585123124,90.00333333333334,9.770000000000001,0.2,0.03333333333333333,1563009979.7333333,51873517.16780832,0.3805883383550609,3553.0,1066.0,0.2999437253798537,17894.0,1.0,17892.0,1.0,2.529786520621437,12.0,0.4957250628667225,0.16866093149667025,240.0,178.0,1.0,223.0,4825.605381165919,1984.0986547085201,4424451.443946188,582881.0044843049,0.13174082259192074,4842451.782621178,16.071428571428573,6.447808845129228,90.0,2.0,18.81088680433731,15.0,Linux,1,fog1
99.8,0.3850660489694794,90.71999999999998,8.9,0.18333333333333332,0.2,1476940185.6,8464061.235252159,0.3596305963338895,3959.0,2954.0,0.7459595959595959,,,,,,,,0.18717625687320819,210.0,178.0,1.0,217.0,6893.345622119816,2683.4147465437786,4121519.7788018435,971412.6451612903,0.235692769076294,9181545.855755903,15.59633027522936,6.438163844560409,90.0,2.0,19.733508954602463,15.0,Linux,1,fog1
99.96666666666667,0.12685406585123124,91.12333333333332,8.703333333333335,0.15,0.03333333333333333,1458339976.5333333,10657671.791255787,0.3551015000686519,2780.0,2425.0,0.8719884933477167,,,,,,,,0.16032872589902855,256.0,178.0,1.0,214.0,9147.995327102804,3330.957943925234,4419985.943925234,1415148.8598130841,0.32017037103651275,14958579.908801187,15.813953488372093,6.454872544573215,90.0,2.0,19.762344611666517,15.0,Linux,1,fog1
99.93333333333334,0.1759328876372492,91.30000000000001,8.426666666666668,0.2,0.06666666666666667,1442615569.0666666,2469774.203427612,0.3512726530446696,2375.0,1235.0,0.5197811447811448,,,,,,,,0.19364280468389863,268.0,178.0,1.0,,,,,,,,,,,,,,Linux,1,fog1
99.81666666666666,0.44495899333211203,88.85,10.663333333333332,0.16666666666666666,0.18333333333333335,1583777109.3333333,27599714.37027353,0.3856450734043257,4760.0,1438.0,0.30203738710354966,27065.0,107.0,26803.0,64.0,2.7819323849990765,305.0,0.47816448681001994,0.2729992040637322,268.0,178.0,1.0,226.0,2132.66814159292,1449.6371681415928,3733363.5398230087,175602.40707964601,0.04703596587114179,1561102.3178137494,16.740088105726873,6.4680596724449915,90.0,2.0,18.40814625335339,15.0,Linux,1,fog2
99.98333333333333,0.09128709291752768,91.85666666666665,7.98,0.16666666666666666,0.016666666666666666,1569542963.2,43150524.836401574,0.3821791006370164,3776.0,3045.0,0.8061953931691819,9757.0,1.0,9755.0,1.0,2.5597007276826895,10.0,0.48278335724533716,0.29808144489347876,240.0,178.0,1.0,228.0,4444.793859649123,2018.5219298245613,4435361.684210527,523479.5789473684,0.11802407519252178,4791174.899550813,16.593886462882097,6.459463152629403,91.0,2.0,18.5423859240815,15.0,Linux,1,fog2
99.96666666666667,0.12685406585123124,92.81333333333333,7.03,0.13333333333333333,0.03333333333333333,1486010641.0666666,17825463.97047741,0.36183922559342324,4452.0,2818.0,0.6328317987873344,,,,,,,,0.27755096395759704,239.0,178.0,1.0,219.0,6756.333333333333,2723.611872146119,4224981.917808219,896238.4657534247,0.21212830517628778,9295708.380125267,17.272727272727273,6.445184232100358,90.0,2.0,19.21149679737116,15.0,Linux,1,fog2
99.88333333333334,0.31303115778964635,92.95,6.786666666666667,0.15,0.11666666666666667,1506130602.6666667,27325522.319005746,0.3667383771358965,3450.0,2914.0,0.8443929295856274,,,,,,,,0.2882051849674438,228.0,178.0,1.0,,,,,,,,,,,,,,Linux,1,fog2
99.93333333333334,0.17593288763724918,93.07333333333334,6.733333333333333,0.13333333333333333,0.06666666666666667,1449863577.6,7061633.44979127,0.3530375218298038,648.0,1999.0,3.0801232665639446,,,,,,,,0.27580493201305833,288.0,178.0,1.0,,,,,,,,,,,,,,Linux,1,fog2
90.70666666666666,17.29628091045394,82.83666666666666,7.723333333333334,0.11666666666666667,9.290000000000001,1352995908.2666667,11584755.4038985,0.32944921459563203,1633.0,1171.0,0.7166462668298653,1100.0,126.0,849.0,0.0,6.498181818181818,132.0,0.34150772025431425,0.18039691985339742,367.0,179.0,1.0,239.0,1571.1966527196653,635.1380753138076,3583888.60251046,113848.23430962343,0.031766668881171585,1170597.5567970572,14.166666666666666,6.424755944584416,102.0,2.0,20.31185793029887,16.0,Linux,1,nitrogen1
82.31,21.5062516973313,76.71999999999998,5.48,0.11666666666666667,17.69,1362606899.2,6835958.915510883,0.3317894533170697,1343.0,1052.0,0.7827380952380952,1528.0,107.0,1223.0,1.0,5.69109947643979,219.0,0.3322432962720733,0.2562858858804729,290.0,179.0,1.0,241.0,3972.1576763485477,752.0,4109231.269709544,189299.78423236514,0.046066946769535023,1428033.8181749126,14.87603305785124,6.43200622772089,102.0,2.0,20.017227428877206,16.0,Linux,1,nitrogen1
99.9,0.20341905108624314,92.0,7.743333333333334,0.16666666666666666,0.1,1360810939.7333333,16434697.33345759,0.3313521442076158,6293.0,3942.0,0.6263107721639657,2676.0,9.0,2658.0,9.0,5.602017937219731,17.0,0.010085917071348524,0.17033057560105985,237.0,179.0,1.0,238.0,6146.176470588235,921.7310924369748,4262361.277310925,389584.67226890754,0.0914011167804094,3078344.9774114736,15.062761506276152,6.444198551137369,102.0,2.0,20.039213451569793,16.0,Linux,1,nitrogen1
99.86666666666666,0.2248882225544018,92.96333333333332,6.653333333333334,0.25,0.13333333333333333,1346948027.7333333,18109964.395320065,0.3279765793278525,6526.0,4507.0,0.6905163168377508,3335.0,2.0,2522.0,1.0,14.318440779610196,833.0,0.4877098321342926,0.38361371953065593,221.0,179.0,1.0,231.0,8478.207792207791,1317.3116883116884,4225910.5800865805,1047033.3506493507,0.2477650870839799,9657173.596447414,14.655172413793101,6.431428902559139,102.0,2.0,20.976971500512967,16.0,Linux,1,nitrogen1
99.68518518518519,0.46301993951390946,85.42592592592592,13.78888888888889,0.48148148148148145,0.3148148148148148,1300903708.4444444,78786260.18357569,0.31676496757527267,5446.0,7424.0,1.362952083715807,1368.0,2.0,1032.0,2.0,14.414473684210526,339.0,0.49013878743608474,0.3250208696084991,196.0,179.0,1.0,,,,,,,,,,,,,,Linux,1,nitrogen1
99.81666666666666,0.307473949929189,91.00333333333334,8.44,0.26666666666666666,0.18333333333333332,1548344797.8666666,19527346.738850087,0.3770174096529539,6836.0,3267.0,0.4778411584028083,2159.0,43.0,1975.0,11.0,5.124594719777675,164.0,0.1486111111111111,0.1773894531859974,300.0,178.0,1.0,227.0,1693.2995594713657,683.6431718061674,3793166.6607929515,194911.85903083702,0.051384983860716354,1666692.1359019373,12.280701754385964,6.4533537900920495,91.0,2.0,18.495699745911455,16.0,Linux,1,nitrogen2
99.9,0.24211709905575116,92.44999999999999,7.26,0.2,0.1,1487444514.1333334,21798946.885248125,0.3621883694728167,6827.0,3678.0,0.538664323374341,1363.0,7.0,1349.0,7.0,4.3851797505502565,16.0,0.015395894428152493,0.1649012192942012,247.0,178.0,1.0,226.0,4256.734513274337,1090.853982300885,4674478.442477876,858963.8230088495,0.18375603820251796,7747283.399358128,12.77533039647577,6.428786386270357,91.0,2.0,18.765101445450927,16.0,Linux,1,nitrogen2
99.39666666666668,1.3631817075562926,92.95333333333333,6.1433333333333335,0.3,0.6033333333333334,1452514235.7333333,37145869.04529361,0.3536829492983378,7731.0,6451.0,0.8343248836006208,1305.0,0.0,1010.0,0.0,13.845977011494252,312.0,0.4563552833078101,0.3978855655199195,211.0,178.0,1.0,,,,,,,,,,,,,,Linux,1,nitrogen2
99.8125,0.5303300858899106,91.8625,7.8125,0.125,0.1875,1433358848.0,212602.72118672423,0.349018668658735,401.0,594.0,1.4776119402985075,,,,,,,,0.19823496409776625,130.0,,,,,,,,,,,,,,,,Linux,1,nitrogen2
99.14,2.2528111094223666,82.19,16.4,0.55,0.8599999999999999,1554067046.4,100193791.36051792,0.3784107603603676,5552.0,10841.0,1.952278047902035,4791.0,22.0,4748.0,1.0,12.780839073262367,2182.0,0.45450751252086813,0.1544194388806947,358.0,178.0,1.0,211.0,2121.488151658768,964.8388625592418,3847444.625592417,131402.009478673,0.03415305172985782,1436323.610922188,15.566037735849056,6.394656691754966,83.0,2.0,18.497836379936878,16.0,Linux,1,unknown
48.730000000000004,14.241056479600534,44.36999999999999,4.046666666666666,0.3666666666666668,51.28,1325711906.1333334,16221635.574781716,0.21335159712604546,3072.0,1310.0,0.4262935242434103,972.0,118.0,736.0,1.0,6.584362139917696,130.0,0.3854059609455293,0.18947211829248742,379.0,184.0,1.0,259.0,5056.586872586872,3789.1505791505792,5501003.1196911195,3885427.644787645,0.7063124404651075,42259311.15562067,15.769230769230768,6.514844546865612,116.0,2.0,22.66514216489362,15.0,Linux,0,datos1
39.18666666666666,11.409062741683831,36.63333333333333,2.4266666666666667,0.16666666666666663,60.83,1321250816.0,1913042.6406948408,0.21263365780569496,1.0,871.0,435.5,818.0,111.0,596.0,0.0,6.58679706601467,117.0,0.4078144078144078,0.16743207050818856,323.0,184.0,1.0,253.0,7645.260869565217,4067.0711462450595,6155745.644268774,4033151.4940711465,0.6551847772724951,42773219.85624505,16.141732283464567,6.537507050665994,117.0,2.0,25.042271953945882,15.0,Linux,0,datos1
40.2,13.39290857132983,37.38888888888889,2.655555555555556,0.19999999999999998,59.82222222222223,1327740700.4444444,5814500.713281733,0.21367809830968362,1.0,271.0,135.5,242.0,34.0,174.0,0.0,6.5578512396694215,39.0,0.42386831275720166,0.21929730813217538,57.0,,,248.0,9978.875,4233.657258064516,6279869.935483871,4150982.193548387,0.6609980103402474,43206407.29662923,16.46586345381526,6.569346760930799,117.0,2.0,25.096981124000976,15.0,Linux,0,datos1
83.28,18.58381572488685,72.19333333333333,10.539999999999997,0.5700000000000002,16.71666666666667,1856919688.5333333,277908073.70119435,0.29884078090458066,851.0,2307.0,2.7077464788732395,4298.0,454.0,3461.0,58.0,8.563750581665891,556.0,0.3549662712258665,0.28448177672313624,277.0,184.0,1.0,266.0,10054.146616541353,4260.334586466165,5665214.556390977,3895742.5563909775,0.6876600753516179,41733380.52025357,15.730337078651685,6.416117571754311,117.0,2.0,24.229502328128472,15.0,Linux,0,datos2
77.35666666666665,12.570070730147844,72.00999999999999,5.2333333333333325,0.15333333333333332,22.66666666666667,2473771144.5333333,29764097.157847807,0.39811290987789494,0.0,1345.0,1345.0,1150.0,138.0,868.0,6.0,6.816521739130435,160.0,0.3779322328410078,0.21526030434120424,292.0,183.0,1.0,268.0,12155.391791044776,4824.764925373134,5650852.298507462,4598157.373134328,0.8137102717475998,42568558.04680889,16.356877323420075,6.431121414779425,118.0,2.0,24.004566478540287,15.0,Linux,0,datos2
53.896666666666654,14.592829683132724,50.17333333333333,3.593333333333334,0.1733333333333333,46.10666666666667,2442150161.0666666,15034994.378648011,0.39302403099395505,0.0,1033.0,1033.0,1242.0,165.0,912.0,0.0,7.209339774557166,158.0,0.3990345937248592,0.16582381696293477,327.0,183.0,1.0,268.0,14021.51119402985,5229.2164179104475,5650852.298507462,4650060.417910447,0.8228952641787125,42621912.65995798,16.356877323420075,6.416117571754311,119.0,2.0,24.129219047094335,15.0,Linux,0,datos2
44.10333333333333,12.638814963364284,41.17000000000001,2.7866666666666666,0.18666666666666665,55.913333333333334,2435325542.4,6188727.0371872755,0.39192572050464497,0.0,989.0,989.0,891.0,126.0,637.0,0.0,6.626262626262626,136.0,0.42713004484304934,0.2045768591665834,312.0,183.0,1.0,266.0,16303.041353383458,5476.082706766917,5693339.909774436,4755363.609022557,0.8352501078687311,42914150.30112751,16.479400749063668,6.4009763969974065,118.0,2.0,24.356045065176968,15.0,Linux,0,datos2
51.03666666666666,13.567442859548972,47.586666666666666,3.3433333333333324,0.15666666666666668,48.97666666666666,2432216814.9333334,9702841.872102445,0.3914254217844068,5.0,947.0,157.83333333333334,1079.0,125.0,827.0,0.0,6.590361445783133,137.0,0.3509259259259259,0.1742235079589957,307.0,183.0,1.0,266.0,18228.718045112782,5585.917293233083,5693339.909774436,4796523.7894736845,0.8424796381398699,42963960.25106991,16.479400749063668,6.4009763969974065,118.0,2.0,24.356045065176968,15.0,Linux,0,datos2
57.54999999999999,9.373313181580993,52.96666666666667,4.499999999999999,0.13333333333333333,42.48333333333333,2435379200.0,7366142.81493005,0.39193435581568425,0.0,176.0,176.0,172.0,23.0,125.0,0.0,6.732558139534884,29.0,0.4046242774566474,0.1498113674727479,93.0,,,261.0,20554.528735632182,5853.613026819923,5802486.191570881,4935005.180076628,0.8504982462082086,43435299.66386897,16.793893129770993,6.412320960167865,118.0,2.0,24.409507862185055,15.0,Linux,0,datos2
67.98666666666665,14.56241580312101,60.99,6.820000000000001,0.22999999999999998,32.03333333333334,2160785817.6,64867428.81954863,0.34774305269451367,174.0,1515.0,8.657142857142857,2705.0,275.0,2178.0,32.0,8.482070240295748,367.0,0.35439763488543974,0.21129317350742355,359.0,183.0,1.0,266.0,20737.428571428572,5935.015037593985,5695064.541353383,4862598.736842105,0.853826650726578,43094709.4351443,16.479400749063668,6.367442873093526,117.0,2.0,24.209622469295553,15.0,Linux,0,datos3
46.03666666666666,13.608351475658523,42.596666666666664,3.356666666666666,0.12999999999999998,53.99000000000001,2182313710.9333334,13022558.22891119,0.3512076141910021,7.0,1155.0,144.375,978.0,132.0,713.0,0.0,6.92638036809816,149.0,0.41470888661899896,0.18165100365940862,291.0,183.0,1.0,268.0,22968.31343283582,6283.074626865671,5660824.835820896,4953852.179104477,0.8751112157094129,43238078.86003604,16.356877323420075,6.396473064292943,118.0,2.0,23.971812264641812,15.0,Linux,0,datos3
48.79333333333332,12.910405675757973,45.11999999999999,3.6033333333333326,0.12666666666666665,51.223333333333336,2166126728.5333333,6244625.7779123075,0.34860258474854655,8.0,1022.0,113.55555555555556,992.0,135.0,719.0,3.0,7.137096774193548,166.0,0.4390735146022155,0.2676859537453092,299.0,183.0,1.0,266.0,25048.93233082707,6462.954887218045,5607855.157894737,5031320.060150376,0.8971913541447182,43472842.46161411,16.479400749063668,6.387666432008007,115.0,2.0,23.4845615360788,15.0,Linux,0,datos3
58.69333333333334,19.146710050218193,53.67666666666668,4.926666666666667,0.12999999999999998,41.32333333333334,2197516424.5333333,13871446.280729225,0.3536542417065308,9.0,1098.0,109.8,1248.0,147.0,964.0,5.0,7.2139423076923075,178.0,0.36188951160928745,0.18351878898727908,359.0,183.0,1.0,267.0,26841.4531835206,6624.880149812734,5588662.172284644,5057946.367041199,0.905036895428699,43485407.558284566,16.417910447761194,6.372408794463364,117.0,2.0,24.18827714664175,15.0,Linux,0,datos3
51.059999999999995,13.785439595006977,46.986666666666665,3.973333333333333,0.15,48.95333333333333,2193683387.733333,4803944.033345123,0.3530373772736631,1.0,933.0,466.5,967.0,141.0,700.0,0.0,6.996897621509825,153.0,0.4297520661157025,0.1887480305700118,277.0,183.0,1.0,265.0,29314.56603773585,6950.811320754717,5631242.626415094,5157188.588679246,0.9158169901383513,43781320.91654951,16.541353383458645,6.387786261354599,117.0,2.0,24.204895871021304,15.0,Linux,0,datos3
60.86000000000001,14.9748202453088,55.24000000000001,5.483333333333334,0.18,39.14666666666666,2234419336.5333333,23579201.744343627,0.35959316039420086,1.0,1150.0,575.0,1830.0,232.0,1446.0,8.0,8.268852459016394,262.0,0.3517203713817586,0.20559250818508307,310.0,183.0,1.0,268.0,30884.175373134327,7128.876865671642,5568221.611940298,5144102.208955224,0.9238319958552652,43637072.95731218,16.356877323420075,6.396473064292943,118.0,2.0,23.971812264641812,15.0,Linux,0,datos3
58.04615384615385,18.031932359439036,52.0076923076923,5.865384615384615,0.2076923076923077,41.96923076923077,2233180790.1538463,176171368.68177834,0.3593938366595676,8.0,1277.0,141.88888888888889,1906.0,249.0,1466.0,18.0,8.699895068205667,318.0,0.42108023072889356,0.17800689613931447,224.0,183.0,1.0,267.0,32844.75655430712,7467.464419475656,5589341.003745318,5245181.123595506,0.9384255105665038,43941127.414013125,16.417910447761194,6.367442873093526,118.0,2.0,24.372847890341305,15.0,Linux,0,datos3
47.4448275862069,15.027369939235555,43.5103448275862,3.751724137931034,0.1896551724137931,52.57241379310344,1340569388.137931,20007887.596244108,0.21574266527613686,65.0,780.0,11.818181818181818,767.0,107.0,554.0,0.0,6.551499348109518,114.0,0.4166666666666667,0.2030739299866456,378.0,183.0,1.0,258.0,35779.15503875969,8208.945736434109,5787509.0852713175,5535918.635658915,0.956528550982109,50425642.96446526,16.988416988416986,6.506837057707308,121.0,2.0,25.31702128907678,15.0,Linux,0,datos4
41.07,11.550254512795155,38.403333333333336,2.5899999999999994,0.11666666666666665,58.95000000000001,1351550566.4,3538947.5310327215,0.21750990588829336,3.0,826.0,206.5,960.0,119.0,720.0,0.0,6.614583333333333,127.0,0.37669094693028093,0.208392294471706,302.0,183.0,1.0,261.0,37689.2183908046,8205.3908045977,5722194.390804598,5505996.996168583,0.9622175791159736,50209672.058845304,17.17557251908397,6.493086983085444,122.0,2.0,25.051982992407044,15.0,Linux,0,datos4
45.48000000000001,12.164147432459897,41.730000000000004,3.416666666666666,0.38333333333333347,54.51999999999999,1364587451.7333333,29717337.037280966,0.2196079788516179,2081.0,1265.0,0.6075888568683958,948.0,125.0,697.0,0.0,6.5,133.0,0.4067439409905163,0.3107077328231996,286.0,184.0,1.0,265.0,39148.6,8191.022641509434,5735207.60754717,5707582.79245283,0.9951831193972638,50046332.58383249,16.917293233082706,6.5477799277218915,118.0,2.0,22.017868984573614,15.0,Linux,0,datos4
46.35333333333333,7.845127340490129,43.07333333333332,3.146666666666666,0.18666666666666665,53.65,1354896452.2666667,3084435.884119325,0.21804837136495703,0.0,991.0,991.0,704.0,103.0,499.0,0.0,6.556818181818182,106.0,0.4368794326241135,0.20731018585948174,368.0,184.0,1.0,258.0,42171.124031007756,8518.755813953489,5890909.271317829,5910702.635658915,1.0033598142612106,51077936.788449116,17.760617760617762,6.524973310272626,118.0,2.0,24.432392411341937,15.0,Linux,0,datos4
43.169999999999995,9.378484180145605,40.51,2.5,0.18999999999999997,56.84333333333334,1354911061.3333333,3594897.8523356603,0.21805072245473106,0.0,905.0,905.0,835.0,120.0,594.0,0.0,6.562874251497006,126.0,0.4318181818181818,0.17692944969751384,301.0,184.0,1.0,255.0,44865.964705882354,8728.298039215686,5960214.08627451,6017200.690196078,1.0095609978996896,51466344.22170428,17.96875,6.536252450711342,116.0,2.0,24.11313172719632,15.0,Linux,0,datos4
42.14,10.039906580139629,39.34333333333333,2.6533333333333333,0.17666666666666667,57.879999999999995,1354513885.8666666,3373114.8472028226,0.21798680357479902,0.0,867.0,867.0,900.0,123.0,655.0,0.0,6.59,126.0,0.4095449500554939,0.18068463230672005,293.0,184.0,1.0,257.0,46629.365758754866,8765.540856031128,5913831.097276265,6006297.898832684,1.0156355134936967,51363833.98828058,17.829457364341085,6.53647074223289,117.0,2.0,24.264498202432975,15.0,Linux,0,datos4
45.85000000000001,8.10396880206406,42.59666666666666,3.04,0.23666666666666666,54.14999999999999,1355866521.6,3096168.3815641594,0.21820448812051466,0.0,932.0,932.0,797.0,111.0,575.0,0.0,6.570890840652447,118.0,0.41854636591478694,0.18431792847299283,357.0,184.0,1.0,257.0,48551.10894941634,8864.673151750972,5913831.097276265,6046700.077821012,1.022467323785865,51477391.38373244,17.829457364341085,6.516512547916783,116.0,2.0,24.097547571107707,15.0,Linux,0,datos4
41.53076923076923,9.91196324572561,38.91538461538462,2.4846153846153842,0.1846153846153846,58.47692307692307,1352822468.9230769,4092816.64989081,0.21771459774738555,1.0,766.0,383.0,679.0,98.0,483.0,0.0,6.55081001472754,105.0,0.43529411764705883,0.2036971859180837,251.0,184.0,1.0,255.0,50971.066666666666,9032.63137254902,5960214.08627451,6130555.482352941,1.0285795719806656,51781457.92127035,17.96875,6.536252450711342,116.0,2.0,24.11313172719632,15.0,Linux,0,datos4
45.87666666666665,14.584774378719779,42.22999999999999,3.49,0.18999999999999997,54.13000000000002,1336064136.5333333,5408228.796681028,0.21501761889098436,0.0,842.0,842.0,766.0,114.0,538.0,0.0,6.527415143603133,118.0,0.44589308996088656,0.20224942454769887,380.0,184.0,1.0,252.0,53342.80952380953,9338.063492063493,6031185.26984127,6246481.26984127,1.0356969575084383,52270148.91981032,18.181818181818183,6.5613681719736165,116.0,2.0,24.454970538636594,15.0,Linux,0,datos5
40.80333333333333,10.590935725431907,38.08,2.48,0.27666666666666667,59.21000000000001,1337747592.5333333,2360245.9349428667,0.21528854353504145,0.0,917.0,917.0,1030.0,121.0,788.0,0.0,6.64368932038835,125.0,0.35208535402521823,0.19013392890283004,343.0,183.0,1.0,251.0,55950.741035856576,9437.079681274901,6055213.896414342,6305408.50996016,1.0413187009587344,52473186.55538189,18.253968253968253,6.532142361938109,117.0,2.0,25.01387307383337,15.0,Linux,0,datos5
39.81333333333334,10.664014037983018,37.27,2.396666666666667,0.15666666666666665,60.18333333333333,1341784473.6,4123174.7168900343,0.2159382133607378,0.0,854.0,854.0,747.0,109.0,527.0,0.0,6.556894243641231,114.0,0.4425133689839572,0.2554662229976046,317.0,183.0,1.0,255.0,57259.55294117647,9351.870588235293,5960230.149019608,6240617.411764706,1.0470428504758944,52168823.14353595,17.96875,6.5466622896206745,119.0,2.0,24.90620581941554,15.0,Linux,0,datos5
40.18,10.419358640662995,37.6,2.466666666666667,0.15666666666666665,59.81333333333333,1345436330.6666667,4132265.5122290826,0.2165259198858469,0.0,947.0,947.0,909.0,129.0,650.0,0.0,6.558855885588559,136.0,0.42747252747252745,0.20208540718193505,317.0,183.0,1.0,254.0,59485.94094488189,9450.374015748032,5983695.622047244,6301986.267716535,1.053192811362885,52387962.39886426,18.03921568627451,6.520085852635487,119.0,2.0,25.346825017377196,15.0,Linux,0,datos5
42.22666666666666,10.187176974640408,39.343333333333334,2.74,0.15666666666666668,57.78666666666666,1343539609.6,2523669.175730552,0.2162206737256489,1.0,953.0,476.5,927.0,123.0,681.0,0.0,6.601941747572815,126.0,0.39762931034482757,0.1863496838649942,352.0,183.0,1.0,254.0,61499.413385826774,9510.633858267716,5983695.622047244,6338801.88976378,1.0593454665479083,52512051.652651064,18.03921568627451,6.520085852635487,119.0,2.0,25.346825017377196,15.0,Linux,0,datos5
41.75333333333334,9.805372676922246,38.95,2.646666666666667,0.18666666666666662,58.25000000000001,1342045661.8666666,5691003.495015909,0.21598024733024965,0.0,862.0,862.0,886.0,113.0,661.0,0.0,6.615124153498871,117.0,0.37993235625704624,0.17628982957066436,378.0,183.0,1.0,254.0,63525.59448818897,9575.44094488189,5979954.393700788,6378971.716535433,1.066725635320786,52652650.589830644,18.03921568627451,6.534826697896874,118.0,2.0,24.74329746074216,15.0,Linux,0,datos5
39.3,10.297539043131984,36.99,2.1666666666666665,0.17666666666666664,60.71666666666667,1331878707.2,1975153.5801359224,0.21434404265711818,0.0,936.0,936.0,884.0,120.0,644.0,0.0,6.588235294117647,124.0,0.4067796610169492,0.20208540718193505,317.0,183.0,1.0,253.0,66106.56126482213,9679.715415019762,6003590.577075099,6442182.324110672,1.0730547275584745,52889476.26433912,18.11023622047244,6.520085852635487,118.0,2.0,25.176087555761807,15.0,Linux,0,datos5
47.099999999999994,3.87900330841141,43.425,3.55,0.15,52.925,1332052992.0,337472.8678160661,0.21437209093839463,0.0,94.0,94.0,106.0,16.0,74.0,0.0,6.547169811320755,18.0,0.4485981308411215,0.20818094555717104,61.0,,,247.0,70006.7085020243,9979.55870445344,6149426.785425101,6635088.842105263,1.0789766257327613,53650837.402251996,18.548387096774192,6.555459910311076,118.0,2.0,25.241510377824977,15.0,Linux,0,datos5
51.776666666666664,15.548027557202882,46.71666666666666,4.866666666666666,0.23666666666666666,48.23666666666668,1443947861.3333333,61332069.000731386,0.23237973571553658,348.0,1127.0,3.2292263610315186,1379.0,150.0,1078.0,0.0,6.501812907904278,164.0,0.5079710144927536,0.2030739299866456,378.0,183.0,1.0,255.0,67987.96078431372,9715.61568627451,5973064.282352941,6435522.760784314,1.0774238111539942,52903172.28530771,17.96875,6.552090568219862,118.0,2.0,24.732644494750332,15.0,Linux,0,datos6
41.59333333333334,10.812793614377666,38.79333333333333,2.6300000000000003,0.21666666666666665,58.40000000000001,1469153280.0,3191621.8194457944,0.23643613462383992,1.0,1002.0,501.0,1018.0,151.0,717.0,0.0,6.606090373280943,159.0,0.4681059862610402,0.17925606692832147,296.0,183.0,1.0,254.0,70688.05905511811,9955.925196850394,6009694.74015748,6502141.984251969,1.0819419593580928,53153950.60434103,18.03921568627451,6.5613681719736165,118.0,2.0,24.74174298940651,15.0,Linux,0,datos6
42.04333333333334,9.80037590177499,38.81,3.0699999999999994,0.21999999999999995,57.95333333333334,1471217664.0,5235194.69826559,0.23676836338443547,1.0,1017.0,508.5,1009.0,141.0,727.0,0.0,6.585728444003965,150.0,0.47326732673267324,0.1802056702832373,294.0,183.0,1.0,253.0,72965.92490118578,10142.517786561264,6033464.66403162,6565353.739130435,1.088156310935795,53399686.55150353,18.11023622047244,6.556359619384649,119.0,2.0,25.174498696406737,15.0,Linux,0,datos6
45.39999999999999,11.36689081924128,41.843333333333334,3.3399999999999994,0.2533333333333333,54.61333333333333,1467515972.2666667,62547477.79747579,0.23617263678673264,79.0,970.0,12.125,875.0,122.0,628.0,1.0,6.538285714285714,136.0,0.4577625570776256,0.2605401794743596,359.0,183.0,1.0,254.0,74636.3188976378,10263.929133858268,6009920.503937008,6579159.68503937,1.0947164086468455,53455386.84698928,18.03921568627451,6.583860485807818,116.0,2.0,24.39262183530094,15.0,Linux,0,datos6
55.31818181818183,16.566938860376805,49.27272727272727,5.795454545454546,0.2818181818181818,44.70909090909091,1538918027.6363637,63367478.60327821,0.24766362700921546,12.0,815.0,62.69230769230769,1437.0,114.0,1216.0,0.0,6.414752957550452,131.0,0.5556328233657858,0.20143225630881323,191.0,184.0,1.0,257.0,75922.77821011672,10290.237354085602,5942236.140077821,6546220.824902724,1.101642474136768,53336248.325529896,18.992248062015506,6.624020299202133,118.0,2.0,24.527141860206374,15.0,Linux,0,datos6
60.986666666666665,18.70642031281079,53.90666666666666,6.703333333333333,0.4033333333333334,39.03,1560286958.9333334,223289138.94077075,0.2511032682651043,10060.0,2009.0,0.19968194016499355,4041.0,549.0,2949.0,21.0,10.212323682256867,329.0,0.46140524492825336,0.3347500396838108,359.0,183.0,1.0,280.0,1452.1964285714287,513.4035714285715,3889159.314285714,231687.3142857143,0.05957258008487782,2086908.7308859795,12.099644128113878,6.441971515315413,131.0,2.0,26.18276046968325,14.0,Linux,0,datos7
64.67241379310344,21.70412891186053,57.67931034482758,6.5310344827586215,0.5137931034482759,35.34137931034483,1888925484.137931,97803935.48489398,0.30399239054112037,1766.0,2091.0,1.1833616298811545,2929.0,364.0,2322.0,22.0,8.583475588938205,417.0,0.378839590443686,0.17437145292163492,230.0,183.0,1.0,291.0,6808.7972508591065,855.3951890034364,4673982.900343643,357759.56013745704,0.07654274549622511,3065669.721169265,11.643835616438356,6.4291644080645165,131.0,2.0,25.849008962972185,15.0,Linux,0,datos7
57.37333333333333,19.27859154487233,52.11,5.026666666666667,0.27666666666666667,42.65000000000001,1912992290.1333334,44990525.436014675,0.30786555861930465,47.0,1521.0,31.6875,2087.0,284.0,1605.0,12.0,8.818878773358888,343.0,0.41044061302681994,0.19364280468389863,335.0,183.0,1.0,286.0,10482.643356643357,1329.8181818181818,5036565.482517483,497148.4195804196,0.0987078044747509,4109630.287820979,12.543554006968641,6.459935087017835,131.0,2.0,26.14981468159522,15.0,Linux,0,datos7
87.35999999999999,11.769528159762748,77.23,9.496666666666668,0.6733333333333335,12.639999999999999,2481284164.266667,199249105.1490541,0.3993230601425731,87.0,3110.0,35.34090909090909,5350.0,682.0,4247.0,93.0,9.224672897196262,717.0,0.37264062792001496,0.1844518631409876,214.0,183.0,1.0,309.0,11686.236245954693,1583.0679611650485,4681336.957928803,587676.5825242718,0.1255360300422065,5112770.813451628,11.612903225806452,5.972678588001556,131.0,2.0,26.574043782527063,15.0,Linux,0,datos7
69.9,16.171580009386837,61.93666666666666,7.653333333333334,0.35666666666666674,30.113333333333333,1866196718.9333334,481739659.3147863,0.3003345587597112,990.0,2433.0,2.455095862764884,3785.0,421.0,2818.0,127.0,9.464993394980185,616.0,0.40570522979397783,0.3446465456724586,291.0,184.0,1.0,322.0,12993.959627329192,2353.614906832298,4506283.726708074,765481.3416149068,0.16986972373894033,6652687.808701912,11.145510835913312,5.826185487865431,131.0,2.0,25.4177991991642,15.0,Linux,0,datos7
74.08695652173914,18.836601323145178,65.81739130434782,7.417391304347827,0.8695652173913043,25.94782608695652,1814230772.8695652,200216544.41991866,0.29197146963665593,425.0,1772.0,4.15962441314554,3563.0,342.0,2980.0,37.0,8.363177097951164,480.0,0.34147025813692483,0.2787158225031105,214.0,,,282.0,17142.429078014186,3212.0602836879434,5186520.056737589,1474240.4539007093,0.28424457122093166,11537440.157605125,12.36749116607774,6.538134538318248,132.0,2.0,25.93670456473145,15.0,Linux,0,datos7
31.9,7.627807566782349,28.229999999999997,3.2700000000000005,0.34,0.06333333333333332,2346037794.133333,15306101.309522552,0.5462894025942151,1335.0,412.0,0.3083832335329341,235.0,14.0,198.0,7.0,5.685106382978724,136.0,0.11016949152542373,0.7556071786260083,1238.0,251.0,103.0,130.0,524.5307692307692,66.95384615384616,6047246.969230769,5688761.5,0.9407190723689854,55623663.75667819,6.870229007633588,3.6091282988087032,1.0,6.0,16.182375630473782,7.0,Windows,1,cerber
27.12,2.8131955078730737,25.856666666666662,1.2100000000000002,0.04000000000000001,0.02666666666666667,2323175560.5333333,2500322.5184117644,0.5409657901756321,5.0,290.0,48.333333333333336,1.0,0.0,1.0,0.0,4.0,1.0,0.0,0.41082484457808893,1176.0,251.0,103.0,134.0,590.9477611940298,171.7910447761194,6613535.007462687,6273847.992537313,0.9486374589112283,55092663.06342559,9.62962962962963,3.6543450426430963,1.0,6.0,16.082572020887007,7.0,Windows,1,cerber
27.98620689655172,3.0805523783349353,25.741379310344833,2.013793103448276,0.21724137931034485,0.027586206896551727,2298790876.6896553,22098077.09471227,0.5352876658066541,40.0,325.0,7.926829268292683,2.0,0.0,2.0,0.0,4.0,1.0,0.0,2.0202442071537563,14.0,251.0,103.0,132.0,660.2954545454545,236.5909090909091,6407791.992424242,6008734.606060606,0.9377229590850654,55291813.80549417,9.022556390977442,3.611097251536487,1.0,8.0,16.42769859249164,7.0,Windows,1,cerber
28.450000000000003,1.6263455967290597,25.0,2.65,0.4,0.4,2265229312.0,1815985.9785890419,0.5274726480050284,0.0,7.0,7.0,,,,,,,,1.7033848993102916,17.0,251.0,103.0,131.0,671.7022900763359,247.0381679389313,6491616.748091603,6107867.824427481,0.9408853172574839,55518959.19244956,9.090909090909092,3.5891010957197893,1.0,8.0,16.439729495413022,7.0,Windows,1,cerber
,,,,,,,,,,,,,,,,,,,0.0,1.0,,,126.0,713.3412698412699,265.7857142857143,6782551.055555556,6385321.222222222,0.9414334265215165,56624117.51000585,9.448818897637794,3.4111868986610765,1.0,6.0,16.861459709331566,7.0,Windows,1,cerber
31.9,7.627807566782349,28.229999999999997,3.2700000000000005,0.34,0.06333333333333332,2346037794.133333,15306101.309522552,0.5462894025942151,1335.0,412.0,0.3083832335329341,15821.0,2.0,15818.0,0.0,5.318816762530814,14218.0,0.007015547971179371,2.3475001286420754,173.0,251.0,103.0,130.0,524.5307692307692,66.95384615384616,6047246.969230769,5688761.5,0.9407190723689854,55623663.75667819,6.870229007633588,3.6091282988087032,1.0,6.0,16.182375630473782,7.0,Windows,1,jigsaw1
27.12,2.8131955078730737,25.856666666666662,1.2100000000000002,0.04000000000000001,0.02666666666666667,2323175560.5333333,2500322.5184117644,0.5409657901756321,5.0,290.0,48.333333333333336,8966.0,2.0,8964.0,0.0,5.1014945349096585,7956.0,0.0002230400356864057,2.4554793047074224,45.0,251.0,103.0,134.0,590.9477611940298,171.7910447761194,6613535.007462687,6273847.992537313,0.9486374589112283,55092663.06342559,9.62962962962963,3.6543450426430963,1.0,6.0,16.082572020887007,7.0,Windows,1,jigsaw1
27.98620689655172,3.0805523783349353,25.741379310344833,2.013793103448276,0.21724137931034485,0.027586206896551727,2298790876.6896553,22098077.09471227,0.5352876658066541,40.0,325.0,7.926829268292683,,,,,,,,2.2731909262068792,126.0,251.0,103.0,132.0,660.2954545454545,236.5909090909091,6407791.992424242,6008734.606060606,0.9377229590850654,55291813.80549417,9.022556390977442,3.611097251536487,1.0,8.0,16.42769859249164,7.0,Windows,1,jigsaw1
28.450000000000003,1.6263455967290597,25.0,2.65,0.4,0.4,2265229312.0,1815985.9785890419,0.5274726480050284,0.0,7.0,7.0,,,,,,,,2.0588138903312014,9.0,251.0,103.0,131.0,671.7022900763359,247.0381679389313,6491616.748091603,6107867.824427481,0.9408853172574839,55518959.19244956,9.090909090909092,3.5891010957197893,1.0,8.0,16.439729495413022,7.0,Windows,1,jigsaw1
,,,,,,,,,,,,,,,,,,,,,,,126.0,713.3412698412699,265.7857142857143,6782551.055555556,6385321.222222222,0.9414334265215165,56624117.51000585,9.448818897637794,3.4111868986610765,1.0,6.0,16.861459709331566,7.0,Windows,1,jigsaw1
68.31034482758619,16.57354485807311,46.755172413793105,19.744827586206902,1.6206896551724135,0.19655172413793107,3306810120.827586,54493188.7182578,0.7700111779600504,15180.0,19635.0,1.2933930571108623,13732.0,3001.0,8714.0,1148.0,4.999198951354501,5329.0,0.1072598849486638,2.656389176235355,277.0,250.0,102.0,154.0,4390.948051948052,1228.909090909091,26578195.506493505,14995901.87012987,0.5642181878844231,160967020.19244495,11.612903225806452,3.8117838281946477,1.0,8.0,17.63531482577867,7.0,Windows,1,jigsaw2
62.14666666666666,14.209072704664326,47.143333333333345,13.803333333333335,1.0599999999999998,0.15333333333333335,3418107494.4,80191759.454174,0.795927459390478,22737.0,10119.0,0.44502594775266074,17852.0,845.0,16161.0,846.0,5.093322876988573,16141.0,0.09449392259004089,2.2255218024281,350.0,250.0,102.0,159.0,4404.559748427673,2459.622641509434,26557388.874213837,15262788.987421384,0.574709678161593,163369892.5523701,14.374999999999998,3.8006811916037937,1.0,8.0,17.201548785862602,7.0,Windows,1,jigsaw2
59.546666666666674,8.17522469725296,44.90666666666666,12.92,1.4766666666666663,0.25,3190859229.866667,79510418.12809072,0.7430112962395995,22653.0,8242.0,0.36382095877107795,11270.0,688.0,9638.0,942.0,5.589263531499556,7595.0,0.040369088811995385,2.619814175643349,233.0,250.0,102.0,152.0,4870.1578947368425,2754.1644736842104,29534935.99342105,17346593.809210528,0.5873245577965683,176621871.40779537,15.032679738562091,3.698880607357181,1.0,9.0,17.62506332308787,7.0,Windows,1,jigsaw2
54.172413793103445,5.505250516664208,39.772413793103446,12.544827586206896,1.3344827586206893,0.5448275862068966,3507284886.0689654,162094285.1058381,0.816692966298156,39421.0,10987.0,0.2787022474760286,9711.0,0.0,9675.0,36.0,5.597260838224694,7495.0,0.0007207578253706755,2.0077116072471313,104.0,250.0,102.0,148.0,5262.736486486487,2993.5067567567567,34003520.83108108,18371816.445945945,0.5402915773610574,182349360.78915995,16.10738255033557,3.6406423161411623,1.0,8.0,17.777326383158222,7.0,Windows,1,jigsaw2
56.580000000000005,9.711614092202288,41.35666666666667,13.970000000000002,0.9,0.35666666666666663,3534159598.9333334,416152820.5399974,0.8229509093169258,25196.0,17280.0,0.685795928086677,22070.0,30.0,21773.0,238.0,5.840960579972814,20649.0,0.0026278827420597164,2.1644995421620075,153.0,250.0,102.0,148.0,5582.641891891892,3068.074324324324,39663632.182432435,18694568.905405406,0.4713276975767688,182546159.33019626,15.436241610738255,3.6406423161411623,1.0,8.0,17.777326383158222,7.0,Windows,1,jigsaw2
58.10000000000001,8.515260135334316,41.620000000000005,15.893333333333333,0.4733333333333334,0.12666666666666665,3147625949.866667,88002653.0015538,0.7329441597414369,2629.0,4907.0,1.8657794676806083,2092.0,13.0,1073.0,1004.0,4.992351816443595,1052.0,0.003822264691829909,,,250.0,102.0,147.0,5798.061224489796,3711.061224489796,42732938.469387755,19538735.68027211,0.4572289180871565,186774473.36684066,14.18918918918919,3.640026963060092,1.0,8.0,18.030602640481746,7.0,Windows,1,jigsaw2
66.85172413793103,12.884531719681084,42.775862068965516,21.648275862068964,1.8482758620689657,0.593103448275862,3127549104.551724,44859727.050460316,0.7282691422031418,34905.0,59168.0,1.695066750701885,59600.0,9.0,15716.0,43875.0,7.266828859060403,47769.0,0.12446099897652724,,,250.0,102.0,153.0,5637.450980392156,3874.235294117647,41147046.40522876,19403168.43137255,0.4715567617837603,184272281.37834963,13.636363636363635,3.7198324543007626,1.0,8.0,18.19738269208254,7.0,Windows,1,jigsaw2
78.74666666666667,15.599552012429898,57.50666666666667,19.616666666666667,1.1099999999999999,0.52,3026168763.733333,59876104.0296164,0.7046621031524618,28964.0,53861.0,1.8595201104781633,143510.0,6.0,30283.0,113220.0,6.581269597937426,113235.0,0.0038672993707799404,,,250.0,102.0,147.0,6028.414965986394,4242.911564625851,44457943.92517007,22590604.986394558,0.5081342609159782,190643949.72417447,13.513513513513514,3.64084683925851,1.0,8.0,17.661957333265907,7.0,Windows,1,jigsaw2
51.169999999999995,7.781106649420452,48.41,2.73,0.02666666666666667,0.0,2901450615.4666667,5094007.5839224085,0.6756207113728281,62.0,231.0,3.6666666666666665,0.0,0.0,0.0,0.0,,0.0,0.0,,,250.0,102.0,145.0,6331.013793103448,4877.372413793103,47619025.951724134,25319781.662068967,0.5317156456753726,196418553.7248551,14.383561643835616,3.6306158204071246,1.0,8.0,17.595678297151323,7.0,Windows,1,jigsaw2
27.183333333333334,3.639447033911014,25.819999999999997,1.3633333333333333,0.0,0.013333333333333334,2894267323.733333,4743074.287411247,0.6739480374885983,43.0,206.0,4.681818181818182,2.0,0.0,2.0,0.0,4.5,2.0,0.0,,,250.0,102.0,142.0,6721.816901408451,5568.866197183099,50939465.73943662,28031519.41549296,0.5502907904175477,206717755.76812312,13.986013986013987,3.6065170763692707,1.0,8.0,17.354204708157376,7.0,Windows,1,jigsaw2
28.344827586206893,4.194433914376166,25.851724137931033,2.127586206896552,0.303448275862069,0.055172413793103454,2889855117.2413793,3083702.11820034,0.6729206279325207,73.0,352.0,4.756756756756757,4.0,0.0,4.0,0.0,7.5,3.0,0.0,,,250.0,102.0,139.0,6875.6115107913665,5683.474820143885,52008319.34532374,28629430.21582734,0.5504778855716596,209030023.55004302,14.285714285714285,3.5531037472431266,1.0,8.0,17.725984494966408,7.0,Windows,1,jigsaw2
27.676666666666666,3.1306805840807574,26.13666666666667,1.52,0.02666666666666667,0.0,2867125316.266667,37091507.509838216,0.6676278532693793,41.0,853.0,20.30952380952381,25.0,0.0,12.0,13.0,5.04,24.0,0.038461538461538464,,,250.0,102.0,138.0,6942.304347826087,5768.840579710145,52442533.82608695,28901555.42753623,0.5511090477106281,209944566.01271203,13.66906474820144,3.5581345782375977,1.0,8.0,17.500041771044554,7.0,Windows,1,jigsaw2
27.999999999999996,3.7766067601339772,26.39666666666667,1.563333333333333,0.04000000000000001,0.0,2793706427.733333,5882584.851176147,0.6505318112293479,288.0,251.0,0.8685121107266436,59.0,8.0,44.0,7.0,4.491525423728813,31.0,0.4666666666666667,,,250.0,102.0,135.0,1598.111111111111,2405.4962962962964,17778196.422222223,12843401.688888889,0.7224242921745831,87679169.06239961,13.23529411764706,3.4884449033041363,1.0,8.0,16.82277765273073,7.0,Windows,1,jigsaw2
27.81333333333333,2.93242671464806,26.41333333333333,1.3999999999999995,0.02666666666666667,0.0,2780480034.133333,7921740.808452177,0.6474519637195215,6.0,482.0,68.85714285714286,0.0,0.0,0.0,0.0,,0.0,0.0,,,250.0,102.0,132.0,1648.5984848484848,2475.068181818182,18343397.325757574,13206276.030303031,0.7199470782771445,89209589.67849737,13.533834586466165,3.461182653170836,1.0,8.0,17.029002557536227,7.0,Windows,1,jigsaw2
27.336666666666662,2.64972130393099,26.216666666666658,1.1366666666666667,0.0,0.0,2773872776.5333333,5190779.192794826,0.6459134229440421,7.0,357.0,44.625,1.0,0.0,1.0,0.0,4.0,1.0,0.0,,,250.0,102.0,132.0,1659.310606060606,2484.030303030303,18390635.0,13396418.462121213,0.7284369318234134,89526814.59467766,13.533834586466165,3.461182653170836,1.0,8.0,17.029002557536227,7.0,Windows,1,jigsaw2
27.583333333333332,2.8510232081365694,26.229999999999997,1.3666666666666665,0.0,0.0,2763063978.6666665,5027612.565551507,0.6433965275452941,18.0,220.0,11.578947368421053,2.0,0.0,2.0,0.0,5.0,2.0,0.0,,,250.0,102.0,132.0,1667.3863636363637,2493.037878787879,18438022.098484848,13451952.780303031,0.7295767397866234,89828154.15228872,14.285714285714285,3.461182653170836,1.0,8.0,17.029002557536227,7.0,Windows,1,jigsaw2
28.32413793103448,3.428208108828638,26.396551724137932,1.8655172413793104,0.06896551724137931,0.013793103448275864,2770492592.551724,6628343.909810673,0.6451263262090323,458.0,341.0,0.7429193899782135,23.0,0.0,23.0,0.0,4.521739130434782,15.0,0.16666666666666666,,,250.0,102.0,137.0,1617.7007299270074,2415.788321167883,17834567.839416057,13018411.700729927,0.7299538227107586,88650169.98632607,15.217391304347828,3.53550825583011,1.0,8.0,17.537355089334643,7.0,Windows,1,jigsaw2
28.199999999999996,4.172074651363722,26.423333333333336,1.7333333333333332,0.02666666666666667,0.02666666666666667,2773948006.4,7460827.941295014,0.6459309406835352,819.0,431.0,0.525609756097561,9.0,0.0,9.0,0.0,5.0,8.0,0.0,,,250.0,102.0,137.0,1632.890510948905,2428.802919708029,18005676.430656936,13111658.364963504,0.7281957824391129,88969309.74887061,14.492753623188406,3.479756533045663,1.0,9.0,17.749528208771828,7.0,Windows,1,jigsaw2
27.39666666666666,3.508264462698028,26.293333333333333,1.1066666666666667,0.0,0.0,2802350216.5333333,3414469.4518683353,0.6525445708837365,30.0,400.0,12.903225806451612,7.0,0.0,7.0,0.0,4.285714285714286,6.0,0.0,,,250.0,102.0,137.0,1645.912408759124,2441.1532846715327,18087224.547445256,13196920.197080292,0.729626562264233,89538735.98562431,13.768115942028986,3.5005458477259666,1.0,9.0,17.502567505398908,7.0,Windows,1,jigsaw2
27.669999999999998,3.6764066039056913,26.38,1.2866666666666666,0.013333333333333334,0.0,2795790609.0666666,4939942.996174579,0.6510171257363571,0.0,228.0,228.0,0.0,0.0,0.0,0.0,,0.0,0.0,,,250.0,102.0,138.0,1639.7536231884058,2432.144927536232,17877071.31884058,13143774.326086957,0.7352308080241295,89481903.65642321,13.66906474820144,3.50186081221901,1.0,9.0,17.463407119897713,7.0,Windows,1,jigsaw2
28.59,3.52443196694945,26.30666666666666,2.14,0.11666666666666668,0.05333333333333334,2802241809.0666666,8262689.557377052,0.6525193275349933,218.0,245.0,1.1187214611872147,18.0,1.0,16.0,1.0,7.5,9.0,0.10526315789473684,,,250.0,102.0,139.0,1638.3021582733813,2426.589928057554,17796483.98561151,13112390.64028777,0.7367966568054962,89608996.21767448,13.571428571428571,3.5101505537239803,1.0,9.0,17.46106780494506,7.0,Windows,1,jigsaw2
29.817241379310342,3.6856932828668016,26.886206896551723,2.6,0.2620689655172414,0.09310344827586207,2820329330.7586207,6687759.554313546,0.656731118770504,383.0,791.0,2.0598958333333335,19.0,2.0,16.0,1.0,8.631578947368421,8.0,0.1,,,250.0,102.0,137.0,1683.2554744525548,2472.4598540145985,18097740.98540146,13354088.97080292,0.7378870237831324,90538440.87555641,14.492753623188406,3.486574270300304,1.0,9.0,17.468926661154956,7.0,Windows,1,jigsaw2
28.363333333333337,3.4114900509624957,26.616666666666664,1.6866666666666665,0.05333333333333334,0.013333333333333334,2816975940.266667,7019754.514635507,0.6559502610651867,95.0,561.0,5.84375,10.0,1.0,9.0,0.0,4.4,7.0,0.0,,,250.0,102.0,138.0,1801.623188405797,2710.5652173913045,18021935.492753625,13501471.289855072,0.7491687308566329,90649706.91628322,15.107913669064748,3.458994181896834,1.0,8.0,17.725208222640084,7.0,Windows,1,jigsaw2
27.106666666666666,2.6702619441872577,25.863333333333337,1.2433333333333334,0.013333333333333334,0.0,2806136832.0,3993314.392475089,0.6534263077024324,8.0,269.0,29.88888888888889,1.0,0.0,1.0,0.0,5.0,1.0,0.0,,,250.0,102.0,135.0,1850.851851851852,2785.0814814814817,18483916.97777778,13878124.985185185,0.7508216062130393,92062981.09208731,15.441176470588236,3.4461949843596305,1.0,8.0,17.51460641603164,7.0,Windows,1,jigsaw2
26.970000000000006,2.6066427079476298,25.65666666666667,1.3133333333333335,0.0,0.013333333333333334,2801527603.2,4261728.840866461,0.6523530202840162,4.0,176.0,35.2,0.0,0.0,0.0,0.0,,0.0,0.0,,,250.0,102.0,134.0,1875.4253731343283,2817.492537313433,18671920.320895523,14041175.925373135,0.75199416728796,92825558.37768117,15.555555555555555,3.423208573718098,1.0,8.0,17.529806549048363,7.0,Windows,1,jigsaw2
28.356666666666666,5.753960155515884,25.746666666666666,2.5833333333333335,0.013333333333333334,0.013333333333333334,2584503910.4,171856849.10028398,0.6018177118652959,10.0,202.0,18.363636363636363,0.0,0.0,0.0,0.0,,0.0,0.0,,,250.0,102.0,134.0,1885.0223880597016,2827.7611940298507,18714599.30597015,14084712.485074626,0.7526055729109778,93206351.6904437,15.555555555555555,3.423208573718098,1.0,8.0,17.529806549048363,7.0,Windows,1,jigsaw2
29.63,7.884605253276793,26.02333333333333,2.933333333333333,0.6333333333333333,0.03666666666666667,2548490649.6,48367505.04641753,0.5934318014690103,913.0,577.0,0.6312910284463895,64.0,10.0,50.0,2.0,4.53125,29.0,0.12307692307692308,,,250.0,102.0,141.0,1806.8085106382978,2736.177304964539,17866249.63829787,13419532.028368793,0.7511107002832957,91167132.85564297,17.6056338028169,3.5960826032604247,1.0,8.0,17.575235101952092,7.0,Windows,1,jigsaw2
27.051724137931036,2.8466296725445055,25.6,1.4482758620689655,0.013793103448275864,0.0,2569762886.62069,3219979.2398479446,0.5983851733554032,34.0,257.0,7.3428571428571425,0.0,0.0,0.0,0.0,,0.0,0.0,,,250.0,102.0,137.0,1869.3722627737227,2794.5109489051097,18527412.430656936,13952511.306569343,0.753073890146069,92917029.245706,17.391304347826086,3.53550825583011,1.0,8.0,17.34480052532049,7.0,Windows,1,jigsaw2
27.15666666666667,2.7733564046343626,25.91666666666667,1.21,0.03666666666666667,0.0,2566038459.733333,3977127.004328826,0.5975179175318236,1.0,1324.0,662.0,3.0,0.0,3.0,0.0,4.666666666666667,3.0,0.0,,,250.0,102.0,136.0,1888.610294117647,2826.220588235294,18714260.338235293,14106698.455882354,0.7537940291055366,93671953.27452947,17.51824817518248,3.5545622640975196,1.0,8.0,17.1199756790558,7.0,Windows,1,jigsaw2
28.516666666666666,5.944460378823489,26.69,1.8099999999999998,0.013333333333333334,0.0,2572182186.6666665,9301947.18784936,0.5989485223262159,596.0,517.0,0.8659966499162479,2587.0,512.0,1569.0,505.0,7.363741785852339,533.0,0.10278207109737249,,,250.0,102.0,138.0,1884.3985507246377,2801.355072463768,18540175.847826086,14054529.043478262,0.7580579818000072,93400046.08890687,17.26618705035971,3.5720041733462855,1.0,8.0,17.375791454059605,7.0,Windows,1,jigsaw2
42.75333333333334,16.164856161211077,33.78666666666667,8.6,0.29000000000000004,0.11666666666666665,2566056755.2,42382514.2157277,0.5975221777443319,10433.0,4019.0,0.38518305539582137,1601.0,8.0,1585.0,8.0,5.8201124297314175,1451.0,0.6816479400749064,,,250.0,102.0,144.0,1854.1666666666667,2711.777777777778,17979768.201388888,13660035.333333334,0.7597447542473534,92349691.06724979,17.24137931034483,3.672821980723592,1.0,8.0,18.05012513928531,7.0,Windows,1,jigsaw2
28.106666666666666,3.7434018581050537,26.299999999999997,1.8199999999999998,0.013333333333333334,0.0,2577113907.2,25608104.80611714,0.6000969039382484,127.0,287.0,2.2421875,52.0,0.0,48.0,4.0,5.134615384615385,29.0,0.07547169811320754,,,250.0,102.0,142.0,4266.781690140845,2734.887323943662,29718077.985915493,13936552.443661971,0.4689587254366954,93677635.33581772,15.384615384615385,3.626055285604472,1.0,8.0,17.793487211182157,7.0,Windows,1,jigsaw2
27.46,3.004433505613858,26.28000000000001,1.1666666666666667,0.013333333333333334,0.0,2556912981.3333335,6667282.432469838,0.5953929934764701,16.0,865.0,50.88235294117647,2.0,0.0,2.0,0.0,4.5,2.0,0.0,,,250.0,102.0,134.0,1984.6268656716418,2899.9626865671644,19227200.902985074,14748047.537313433,0.7670407588024423,96780324.17301382,16.296296296296298,3.4439220135839888,1.0,8.0,17.776388834631177,7.0,Windows,1,jigsaw2
27.179310344827584,2.8315038041831144,26.144827586206894,1.0379310344827586,0.0,0.0,2543303574.0689654,4806595.465449844,0.5922239588672645,3.0,215.0,53.75,0.0,0.0,0.0,0.0,,0.0,0.0,,,250.0,102.0,134.0,1996.0373134328358,2916.8880597014927,19293532.679104477,14884785.813432835,0.7714909078347603,97322886.0457399,16.296296296296298,3.4439220135839888,1.0,8.0,17.776388834631177,7.0,Windows,1,jigsaw2
27.569999999999997,3.8722843654484556,26.169999999999998,1.38,0.0,0.013333333333333334,2528842820.266667,18913196.472656388,0.5888566829540314,2.0,239.0,79.66666666666667,6.0,0.0,6.0,0.0,4.666666666666667,4.0,0.0,,,250.0,102.0,133.0,2021.2932330827068,2947.1729323308273,19473383.72932331,15038709.503759399,0.7722699321558563,97971883.1097169,16.417910447761194,3.4629599341574404,1.0,8.0,17.504527892291932,7.0,Windows,1,jigsaw2
27.799999999999997,3.9347260343659562,26.08333333333333,1.7266666666666666,0.0,0.0,2451399884.8,12527141.516265174,0.5708236167105882,0.0,216.0,216.0,2.0,0.0,2.0,0.0,5.0,2.0,0.0,,,250.0,102.0,130.0,2075.7923076923075,3026.7,19981788.376923077,15440087.307692308,0.7727079400368433,99503651.7853239,16.030534351145036,3.3620077790935343,1.0,8.0,17.264569484268186,7.0,Windows,1,jigsaw2
28.906666666666663,8.652961754592287,26.49333333333333,2.4066666666666663,0.013333333333333334,0.0,2541562129.0666666,61320016.62228484,0.5918184526335902,621.0,379.0,0.6093247588424437,34.0,0.0,34.0,0.0,4.088235294117647,20.0,0.0,,,250.0,102.0,140.0,1947.85,2829.0785714285716,18653555.514285713,14383345.785714285,0.7710779322269663,96240063.16061546,16.312056737588655,3.4973371488530067,1.0,8.0,16.872275608539777,7.0,Windows,1,jigsaw2
30.43913043478261,6.955360204412316,27.41304347826087,2.778260869565217,0.18695652173913047,0.1,2640951028.869565,79100923.47013323,0.6149617723335523,220.0,352.0,1.592760180995475,,,,,,,,,,250.0,102.0,137.0,2002.3284671532847,2903.2627737226276,19125345.445255473,14776033.138686132,0.7725890446471729,97736618.5666762,15.942028985507244,3.4417223183142025,1.0,8.0,17.03127498120385,7.0,Windows,1,jigsaw2
39.97241379310344,12.707952980929589,29.062068965517245,10.141379310344826,0.5793103448275861,0.20689655172413793,2674815258.4827585,25232410.811360046,0.6228472675335728,9257.0,10502.0,1.1343702743573125,18074.0,17.0,18046.0,11.0,4.172015049242005,17888.0,0.9785892116182573,1.6607265019772692,482.0,251.0,103.0,137.0,362.1970802919708,35.66423357664234,2781736.094890511,632548.4817518248,0.22739333739111744,4022509.0686320346,7.971014492753622,3.556373516673008,1.0,7.0,17.182602540516363,7.0,Windows,1,jigsaw3
27.613333333333333,3.0597197678008463,25.616666666666667,1.8066666666666664,0.14333333333333334,0.05333333333333334,2599960166.4,23589386.331030726,0.6054167966190445,3.0,1672.0,418.0,9759.0,31.0,9701.0,27.0,5.4306793728865665,9462.0,0.9543032786885246,0.9112201087250862,204.0,251.0,103.0,134.0,470.2835820895522,158.70149253731344,3542239.2164179105,1255197.3208955224,0.3543512704411787,6500716.261152026,8.88888888888889,3.501008953259159,1.0,7.0,17.17204370386123,7.0,Windows,1,jigsaw3
28.533333333333328,4.990151219692876,26.233333333333338,2.1599999999999997,0.12666666666666665,0.02666666666666667,2564114295.4666667,4662481.617855155,0.5970698639879468,10.0,136.0,12.363636363636363,3.0,0.0,3.0,0.0,4.666666666666667,3.0,0.0,1.3633800759802648,22.0,251.0,103.0,130.0,639.0769230769231,299.7923076923077,5072974.261538462,2731966.053846154,0.5385332892432914,16617594.67996067,9.16030534351145,3.466275773532186,1.0,7.0,16.881071892367917,7.0,Windows,1,jigsaw3
27.389999999999997,2.903190872364287,25.699999999999996,1.5666666666666664,0.12000000000000002,0.013333333333333334,2559053960.5333333,4303693.06056868,0.5958915337178334,4.0,146.0,29.2,17.0,2.0,8.0,7.0,9.176470588235293,8.0,0.3888888888888889,1.7382689280764647,15.0,251.0,103.0,131.0,649.6030534351145,309.7328244274809,5088740.442748091,2763506.465648855,0.5430628568458902,16754386.314408135,9.090909090909092,3.4893005733057803,1.0,7.0,16.865868383806074,7.0,Windows,1,jigsaw3
27.993103448275864,3.7687560504081037,26.06206896551725,1.8310344827586207,0.0793103448275862,0.027586206896551727,2543805969.6551723,11068702.669125076,0.5923409447851135,181.0,376.0,2.065934065934066,1.0,0.0,1.0,0.0,9.0,1.0,0.5,1.7758589482446405,13.0,251.0,103.0,130.0,670.2076923076924,320.3,5167019.015384615,2819597.576923077,0.5456912434106752,16954259.04184823,9.16030534351145,3.466275773532186,1.0,7.0,16.881071892367917,7.0,Windows,1,jigsaw3
29.013333333333332,4.765373186770938,26.11333333333333,2.6566666666666667,0.1866666666666667,0.08,2547674453.3333335,4215770.59534078,0.593241745122931,86.0,198.0,2.2758620689655173,0.0,0.0,0.0,0.0,,0.0,0.0,0.8404914014731814,23.0,251.0,103.0,129.0,692.3255813953489,334.62015503875966,5264421.139534884,2891312.798449612,0.5492175060841649,17231007.3892401,9.230769230769232,3.485931427492697,1.0,7.0,16.650580472324666,7.0,Windows,1,jigsaw3
29.582608695652162,4.767089084537957,26.030434782608694,3.1434782608695655,0.35652173913043483,0.06956521739130435,2589532872.347826,44376787.646638446,0.6029887367417991,83.0,254.0,3.0238095238095237,13.0,0.0,13.0,0.0,8.76923076923077,5.0,0.0,2.3600730651545314,32.0,251.0,103.0,130.0,695.6538461538462,340.5923076923077,5264300.676923077,2905249.1,0.5518773957684896,17321389.058562025,9.923664122137405,3.466275773532186,1.0,7.0,16.881071892367917,7.0,Windows,1,jigsaw3
,,,,,,,,,,,,5.0,0.0,5.0,0.0,4.0,2.0,0.0,1.3192481491039267,53.0,251.0,103.0,132.0,718.3181818181819,348.99242424242425,5318611.189393939,2921057.659090909,0.5492142602380201,17422703.085656162,9.774436090225564,3.512058565171439,1.0,7.0,16.89925937194472,7.0,Windows,1,jigsaw3
,,,,,,,,,,,,4.0,0.0,4.0,0.0,4.0,2.0,0.0,,,251.0,103.0,131.0,738.8625954198474,362.1832061068702,5405064.65648855,2985246.13740458,0.5523052497652678,17652731.699194502,9.848484848484848,3.4893005733057803,1.0,7.0,16.91462607223106,7.0,Windows,1,jigsaw3
39.97241379310344,12.707952980929589,29.062068965517245,10.141379310344826,0.5793103448275861,0.20689655172413793,2674815258.4827585,25232410.811360046,0.6228472675335728,9257.0,10502.0,1.1343702743573125,18074.0,17.0,18046.0,11.0,4.172015049242005,17888.0,0.9785892116182573,2.231288776468698,240.0,251.0,103.0,137.0,362.1970802919708,35.66423357664234,2781736.094890511,632548.4817518248,0.22739333739111744,4022509.0686320346,7.971014492753622,3.556373516673008,1.0,7.0,17.182602540516363,7.0,Windows,1,petya1
27.613333333333333,3.0597197678008463,25.616666666666667,1.8066666666666664,0.14333333333333334,0.05333333333333334,2599960166.4,23589386.331030726,0.6054167966190445,3.0,1672.0,418.0,9759.0,31.0,9701.0,27.0,5.4306793728865665,9462.0,0.9543032786885246,,,251.0,103.0,134.0,470.2835820895522,158.70149253731344,3542239.2164179105,1255197.3208955224,0.3543512704411787,6500716.261152026,8.88888888888889,3.501008953259159,1.0,7.0,17.17204370386123,7.0,Windows,1,petya1
28.533333333333328,4.990151219692876,26.233333333333338,2.1599999999999997,0.12666666666666665,0.02666666666666667,2564114295.4666667,4662481.617855155,0.5970698639879468,10.0,136.0,12.363636363636363,3.0,0.0,3.0,0.0,4.666666666666667,3.0,0.0,,,251.0,103.0,130.0,639.0769230769231,299.7923076923077,5072974.261538462,2731966.053846154,0.5385332892432914,16617594.67996067,9.16030534351145,3.466275773532186,1.0,7.0,16.881071892367917,7.0,Windows,1,petya1
27.389999999999997,2.903190872364287,25.699999999999996,1.5666666666666664,0.12000000000000002,0.013333333333333334,2559053960.5333333,4303693.06056868,0.5958915337178334,4.0,146.0,29.2,17.0,2.0,8.0,7.0,9.176470588235293,8.0,0.3888888888888889,,,251.0,103.0,131.0,649.6030534351145,309.7328244274809,5088740.442748091,2763506.465648855,0.5430628568458902,16754386.314408135,9.090909090909092,3.4893005733057803,1.0,7.0,16.865868383806074,7.0,Windows,1,petya1
27.993103448275864,3.7687560504081037,26.06206896551725,1.8310344827586207,0.0793103448275862,0.027586206896551727,2543805969.6551723,11068702.669125076,0.5923409447851135,181.0,376.0,2.065934065934066,1.0,0.0,1.0,0.0,9.0,1.0,0.5,,,251.0,103.0,130.0,670.2076923076924,320.3,5167019.015384615,2819597.576923077,0.5456912434106752,16954259.04184823,9.16030534351145,3.466275773532186,1.0,7.0,16.881071892367917,7.0,Windows,1,petya1
29.013333333333332,4.765373186770938,26.11333333333333,2.6566666666666667,0.1866666666666667,0.08,2547674453.3333335,4215770.59534078,0.593241745122931,86.0,198.0,2.2758620689655173,0.0,0.0,0.0,0.0,,0.0,0.0,,,251.0,103.0,129.0,692.3255813953489,334.62015503875966,5264421.139534884,2891312.798449612,0.5492175060841649,17231007.3892401,9.230769230769232,3.485931427492697,1.0,7.0,16.650580472324666,7.0,Windows,1,petya1
29.582608695652162,4.767089084537957,26.030434782608694,3.1434782608695655,0.35652173913043483,0.06956521739130435,2589532872.347826,44376787.646638446,0.6029887367417991,83.0,254.0,3.0238095238095237,13.0,0.0,13.0,0.0,8.76923076923077,5.0,0.0,,,251.0,103.0,130.0,695.6538461538462,340.5923076923077,5264300.676923077,2905249.1,0.5518773957684896,17321389.058562025,9.923664122137405,3.466275773532186,1.0,7.0,16.881071892367917,7.0,Windows,1,petya1
,,,,,,,,,,,,5.0,0.0,5.0,0.0,4.0,2.0,0.0,,,251.0,103.0,132.0,718.3181818181819,348.99242424242425,5318611.189393939,2921057.659090909,0.5492142602380201,17422703.085656162,9.774436090225564,3.512058565171439,1.0,7.0,16.89925937194472,7.0,Windows,1,petya1
,,,,,,,,,,,,4.0,0.0,4.0,0.0,4.0,2.0,0.0,,,251.0,103.0,131.0,738.8625954198474,362.1832061068702,5405064.65648855,2985246.13740458,0.5523052497652678,17652731.699194502,9.848484848484848,3.4893005733057803,1.0,7.0,16.91462607223106,7.0,Windows,1,petya1
39.97241379310344,12.707952980929589,29.062068965517245,10.141379310344826,0.5793103448275861,0.20689655172413793,2674815258.4827585,25232410.811360046,0.6228472675335728,9257.0,10502.0,1.1343702743573125,18074.0,17.0,18046.0,11.0,4.172015049242005,17888.0,0.9785892116182573,2.113304365068051,157.0,251.0,103.0,137.0,362.1970802919708,35.66423357664234,2781736.094890511,632548.4817518248,0.22739333739111744,4022509.0686320346,7.971014492753622,3.556373516673008,1.0,7.0,17.182602540516363,7.0,Windows,1,petya2
27.613333333333333,3.0597197678008463,25.616666666666667,1.8066666666666664,0.14333333333333334,0.05333333333333334,2599960166.4,23589386.331030726,0.6054167966190445,3.0,1672.0,418.0,9759.0,31.0,9701.0,27.0,5.4306793728865665,9462.0,0.9543032786885246,,,251.0,103.0,134.0,470.2835820895522,158.70149253731344,3542239.2164179105,1255197.3208955224,0.3543512704411787,6500716.261152026,8.88888888888889,3.501008953259159,1.0,7.0,17.17204370386123,7.0,Windows,1,petya2
28.533333333333328,4.990151219692876,26.233333333333338,2.1599999999999997,0.12666666666666665,0.02666666666666667,2564114295.4666667,4662481.617855155,0.5970698639879468,10.0,136.0,12.363636363636363,3.0,0.0,3.0,0.0,4.666666666666667,3.0,0.0,,,251.0,103.0,130.0,639.0769230769231,299.7923076923077,5072974.261538462,2731966.053846154,0.5385332892432914,16617594.67996067,9.16030534351145,3.466275773532186,1.0,7.0,16.881071892367917,7.0,Windows,1,petya2
27.389999999999997,2.903190872364287,25.699999999999996,1.5666666666666664,0.12000000000000002,0.013333333333333334,2559053960.5333333,4303693.06056868,0.5958915337178334,4.0,146.0,29.2,17.0,2.0,8.0,7.0,9.176470588235293,8.0,0.3888888888888889,,,251.0,103.0,131.0,649.6030534351145,309.7328244274809,5088740.442748091,2763506.465648855,0.5430628568458902,16754386.314408135,9.090909090909092,3.4893005733057803,1.0,7.0,16.865868383806074,7.0,Windows,1,petya2
27.993103448275864,3.7687560504081037,26.06206896551725,1.8310344827586207,0.0793103448275862,0.027586206896551727,2543805969.6551723,11068702.669125076,0.5923409447851135,181.0,376.0,2.065934065934066,1.0,0.0,1.0,0.0,9.0,1.0,0.5,,,251.0,103.0,130.0,670.2076923076924,320.3,5167019.015384615,2819597.576923077,0.5456912434106752,16954259.04184823,9.16030534351145,3.466275773532186,1.0,7.0,16.881071892367917,7.0,Windows,1,petya2
29.013333333333332,4.765373186770938,26.11333333333333,2.6566666666666667,0.1866666666666667,0.08,2547674453.3333335,4215770.59534078,0.593241745122931,86.0,198.0,2.2758620689655173,0.0,0.0,0.0,0.0,,0.0,0.0,,,251.0,103.0,129.0,692.3255813953489,334.62015503875966,5264421.139534884,2891312.798449612,0.5492175060841649,17231007.3892401,9.230769230769232,3.485931427492697,1.0,7.0,16.650580472324666,7.0,Windows,1,petya2
29.582608695652162,4.767089084537957,26.030434782608694,3.1434782608695655,0.35652173913043483,0.06956521739130435,2589532872.347826,44376787.646638446,0.6029887367417991,83.0,254.0,3.0238095238095237,13.0,0.0,13.0,0.0,8.76923076923077,5.0,0.0,,,251.0,103.0,130.0,695.6538461538462,340.5923076923077,5264300.676923077,2905249.1,0.5518773957684896,17321389.058562025,9.923664122137405,3.466275773532186,1.0,7.0,16.881071892367917,7.0,Windows,1,petya2
,,,,,,,,,,,,5.0,0.0,5.0,0.0,4.0,2.0,0.0,,,251.0,103.0,132.0,718.3181818181819,348.99242424242425,5318611.189393939,2921057.659090909,0.5492142602380201,17422703.085656162,9.774436090225564,3.512058565171439,1.0,7.0,16.89925937194472,7.0,Windows,1,petya2
,,,,,,,,,,,,4.0,0.0,4.0,0.0,4.0,2.0,0.0,,,251.0,103.0,131.0,738.8625954198474,362.1832061068702,5405064.65648855,2985246.13740458,0.5523052497652678,17652731.699194502,9.848484848484848,3.4893005733057803,1.0,7.0,16.91462607223106,7.0,Windows,1,petya2
39.97241379310344,12.707952980929589,29.062068965517245,10.141379310344826,0.5793103448275861,0.20689655172413793,2674815258.4827585,25232410.811360046,0.6228472675335728,9257.0,10502.0,1.1343702743573125,18074.0,17.0,18046.0,11.0,4.172015049242005,17888.0,0.9785892116182573,2.113304365068051,157.0,251.0,103.0,137.0,362.1970802919708,35.66423357664234,2781736.094890511,632548.4817518248,0.22739333739111744,4022509.0686320346,7.971014492753622,3.556373516673008,1.0,7.0,17.182602540516363,7.0,Windows,1,TeslaCrypt1
27.613333333333333,3.0597197678008463,25.616666666666667,1.8066666666666664,0.14333333333333334,0.05333333333333334,2599960166.4,23589386.331030726,0.6054167966190445,3.0,1672.0,418.0,9759.0,31.0,9701.0,27.0,5.4306793728865665,9462.0,0.9543032786885246,,,251.0,103.0,134.0,470.2835820895522,158.70149253731344,3542239.2164179105,1255197.3208955224,0.3543512704411787,6500716.261152026,8.88888888888889,3.501008953259159,1.0,7.0,17.17204370386123,7.0,Windows,1,TeslaCrypt1
28.533333333333328,4.990151219692876,26.233333333333338,2.1599999999999997,0.12666666666666665,0.02666666666666667,2564114295.4666667,4662481.617855155,0.5970698639879468,10.0,136.0,12.363636363636363,3.0,0.0,3.0,0.0,4.666666666666667,3.0,0.0,,,251.0,103.0,130.0,639.0769230769231,299.7923076923077,5072974.261538462,2731966.053846154,0.5385332892432914,16617594.67996067,9.16030534351145,3.466275773532186,1.0,7.0,16.881071892367917,7.0,Windows,1,TeslaCrypt1
27.389999999999997,2.903190872364287,25.699999999999996,1.5666666666666664,0.12000000000000002,0.013333333333333334,2559053960.5333333,4303693.06056868,0.5958915337178334,4.0,146.0,29.2,17.0,2.0,8.0,7.0,9.176470588235293,8.0,0.3888888888888889,,,251.0,103.0,131.0,649.6030534351145,309.7328244274809,5088740.442748091,2763506.465648855,0.5430628568458902,16754386.314408135,9.090909090909092,3.4893005733057803,1.0,7.0,16.865868383806074,7.0,Windows,1,TeslaCrypt1
27.993103448275864,3.7687560504081037,26.06206896551725,1.8310344827586207,0.0793103448275862,0.027586206896551727,2543805969.6551723,11068702.669125076,0.5923409447851135,181.0,376.0,2.065934065934066,1.0,0.0,1.0,0.0,9.0,1.0,0.5,,,251.0,103.0,130.0,670.2076923076924,320.3,5167019.015384615,2819597.576923077,0.5456912434106752,16954259.04184823,9.16030534351145,3.466275773532186,1.0,7.0,16.881071892367917,7.0,Windows,1,TeslaCrypt1
29.013333333333332,4.765373186770938,26.11333333333333,2.6566666666666667,0.1866666666666667,0.08,2547674453.3333335,4215770.59534078,0.593241745122931,86.0,198.0,2.2758620689655173,0.0,0.0,0.0,0.0,,0.0,0.0,,,251.0,103.0,129.0,692.3255813953489,334.62015503875966,5264421.139534884,2891312.798449612,0.5492175060841649,17231007.3892401,9.230769230769232,3.485931427492697,1.0,7.0,16.650580472324666,7.0,Windows,1,TeslaCrypt1
29.582608695652162,4.767089084537957,26.030434782608694,3.1434782608695655,0.35652173913043483,0.06956521739130435,2589532872.347826,44376787.646638446,0.6029887367417991,83.0,254.0,3.0238095238095237,13.0,0.0,13.0,0.0,8.76923076923077,5.0,0.0,,,251.0,103.0,130.0,695.6538461538462,340.5923076923077,5264300.676923077,2905249.1,0.5518773957684896,17321389.058562025,9.923664122137405,3.466275773532186,1.0,7.0,16.881071892367917,7.0,Windows,1,TeslaCrypt1
,,,,,,,,,,,,5.0,0.0,5.0,0.0,4.0,2.0,0.0,,,251.0,103.0,132.0,718.3181818181819,348.99242424242425,5318611.189393939,2921057.659090909,0.5492142602380201,17422703.085656162,9.774436090225564,3.512058565171439,1.0,7.0,16.89925937194472,7.0,Windows,1,TeslaCrypt1
,,,,,,,,,,,,4.0,0.0,4.0,0.0,4.0,2.0,0.0,,,251.0,103.0,131.0,738.8625954198474,362.1832061068702,5405064.65648855,2985246.13740458,0.5523052497652678,17652731.699194502,9.848484848484848,3.4893005733057803,1.0,7.0,16.91462607223106,7.0,Windows,1,TeslaCrypt1
39.97241379310344,12.707952980929589,29.062068965517245,10.141379310344826,0.5793103448275861,0.20689655172413793,2674815258.4827585,25232410.811360046,0.6228472675335728,9257.0,10502.0,1.1343702743573125,18074.0,17.0,18046.0,11.0,4.172015049242005,17888.0,0.9785892116182573,2.113304365068051,157.0,251.0,103.0,137.0,362.1970802919708,35.66423357664234,2781736.094890511,632548.4817518248,0.22739333739111744,4022509.0686320346,7.971014492753622,3.556373516673008,1.0,7.0,17.182602540516363,7.0,Windows,1,teslacrypt1.1
27.613333333333333,3.0597197678008463,25.616666666666667,1.8066666666666664,0.14333333333333334,0.05333333333333334,2599960166.4,23589386.331030726,0.6054167966190445,3.0,1672.0,418.0,9759.0,31.0,9701.0,27.0,5.4306793728865665,9462.0,0.9543032786885246,,,251.0,103.0,134.0,470.2835820895522,158.70149253731344,3542239.2164179105,1255197.3208955224,0.3543512704411787,6500716.261152026,8.88888888888889,3.501008953259159,1.0,7.0,17.17204370386123,7.0,Windows,1,teslacrypt1.1
28.533333333333328,4.990151219692876,26.233333333333338,2.1599999999999997,0.12666666666666665,0.02666666666666667,2564114295.4666667,4662481.617855155,0.5970698639879468,10.0,136.0,12.363636363636363,3.0,0.0,3.0,0.0,4.666666666666667,3.0,0.0,,,251.0,103.0,130.0,639.0769230769231,299.7923076923077,5072974.261538462,2731966.053846154,0.5385332892432914,16617594.67996067,9.16030534351145,3.466275773532186,1.0,7.0,16.881071892367917,7.0,Windows,1,teslacrypt1.1
27.389999999999997,2.903190872364287,25.699999999999996,1.5666666666666664,0.12000000000000002,0.013333333333333334,2559053960.5333333,4303693.06056868,0.5958915337178334,4.0,146.0,29.2,17.0,2.0,8.0,7.0,9.176470588235293,8.0,0.3888888888888889,,,251.0,103.0,131.0,649.6030534351145,309.7328244274809,5088740.442748091,2763506.465648855,0.5430628568458902,16754386.314408135,9.090909090909092,3.4893005733057803,1.0,7.0,16.865868383806074,7.0,Windows,1,teslacrypt1.1
27.993103448275864,3.7687560504081037,26.06206896551725,1.8310344827586207,0.0793103448275862,0.027586206896551727,2543805969.6551723,11068702.669125076,0.5923409447851135,181.0,376.0,2.065934065934066,1.0,0.0,1.0,0.0,9.0,1.0,0.5,,,251.0,103.0,130.0,670.2076923076924,320.3,5167019.015384615,2819597.576923077,0.5456912434106752,16954259.04184823,9.16030534351145,3.466275773532186,1.0,7.0,16.881071892367917,7.0,Windows,1,teslacrypt1.1
29.013333333333332,4.765373186770938,26.11333333333333,2.6566666666666667,0.1866666666666667,0.08,2547674453.3333335,4215770.59534078,0.593241745122931,86.0,198.0,2.2758620689655173,0.0,0.0,0.0,0.0,,0.0,0.0,,,251.0,103.0,129.0,692.3255813953489,334.62015503875966,5264421.139534884,2891312.798449612,0.5492175060841649,17231007.3892401,9.230769230769232,3.485931427492697,1.0,7.0,16.650580472324666,7.0,Windows,1,teslacrypt1.1
29.582608695652162,4.767089084537957,26.030434782608694,3.1434782608695655,0.35652173913043483,0.06956521739130435,2589532872.347826,44376787.646638446,0.6029887367417991,83.0,254.0,3.0238095238095237,13.0,0.0,13.0,0.0,8.76923076923077,5.0,0.0,,,251.0,103.0,130.0,695.6538461538462,340.5923076923077,5264300.676923077,2905249.1,0.5518773957684896,17321389.058562025,9.923664122137405,3.466275773532186,1.0,7.0,16.881071892367917,7.0,Windows,1,teslacrypt1.1
,,,,,,,,,,,,5.0,0.0,5.0,0.0,4.0,2.0,0.0,,,251.0,103.0,132.0,718.3181818181819,348.99242424242425,5318611.189393939,2921057.659090909,0.5492142602380201,17422703.085656162,9.774436090225564,3.512058565171439,1.0,7.0,16.89925937194472,7.0,Windows,1,teslacrypt1.1
,,,,,,,,,,,,4.0,0.0,4.0,0.0,4.0,2.0,0.0,,,251.0,103.0,131.0,738.8625954198474,362.1832061068702,5405064.65648855,2985246.13740458,0.5523052497652678,17652731.699194502,9.848484848484848,3.4893005733057803,1.0,7.0,16.91462607223106,7.0,Windows,1,teslacrypt1.1
34.656666666666666,15.171631497596115,27.62,6.283333333333333,0.7099999999999999,0.06666666666666667,2879529915.733333,28540803.819274034,0.6705163409352692,97.0,319.0,3.2551020408163267,31.0,0.0,27.0,0.0,5.483870967741935,16.0,0.1875,1.9643642029102582,101.0,250.0,102.0,147.0,1392.8639455782313,1060.687074829932,19548388.06802721,3319161.4081632653,0.16979206811429753,16315937.879906971,14.864864864864865,3.7387269355287396,1.0,8.0,18.120131933475257,7.0,Windows,1,teslacrypt2
29.310000000000002,3.532250430454822,26.12,2.8766666666666665,0.21,0.10666666666666667,2885948347.733333,3581247.9137242283,0.6720109125025473,3.0,220.0,55.0,0.0,0.0,0.0,0.0,,0.0,0.0,1.7028195311147831,16.0,250.0,102.0,145.0,1433.4344827586208,1084.3379310344828,19872401.944827586,3402478.606896552,0.1712162649048012,16428442.852226382,15.068493150684931,3.7375798737320864,1.0,8.0,17.912065912762767,7.0,Windows,1,teslacrypt2
27.50333333333333,3.7750070411748293,25.85666666666667,1.5966666666666667,0.04000000000000001,0.013333333333333334,2821648247.4666667,55732836.16051947,0.6570382366789672,126.0,1908.0,15.023622047244094,24.0,0.0,9.0,15.0,5.0,23.0,0.04,1.6362881987360829,75.0,250.0,102.0,144.0,1459.6875,1102.5902777777778,20058439.673611112,3471310.548611111,0.17305984074714081,16491034.650918081,15.172413793103448,3.7565464130609896,1.0,8.0,17.689492040614695,7.0,Windows,1,teslacrypt2
29.209999999999994,11.839016443304214,25.486666666666668,3.346666666666667,0.29666666666666663,0.09333333333333332,2857722538.6666665,61832114.12856409,0.6654383583811574,1331.0,397.0,0.2980480480480481,43.0,0.0,43.0,0.0,4.093023255813954,30.0,0.0,0.7507960109162214,658.0,0.0,0.0,,,,,,,,,,,,,,Windows,1,teslacrypt2
27.195,4.205945040559912,25.635,1.435,0.14,0.0,2831316582.4,1633012.1228798865,0.6592895682338208,6.0,102.0,14.571428571428571,7.0,0.0,7.0,0.0,4.857142857142857,5.0,0.0,2.1971597234241496,9.0,250.0,102.0,,,,,,,,,,,,,,Windows,1,teslacrypt2
29.503333333333334,3.5098367516151665,25.25333333333333,3.45,0.6799999999999999,0.13,2384862003.2,70896055.11318001,0.5553298596705075,537.0,1695.0,3.150557620817844,772.0,127.0,522.0,98.0,7.492227979274611,276.0,0.38421733505821476,2.5883984295339246,82.0,251.0,103.0,135.0,418.9185185185185,53.53333333333333,11009738.481481481,6338884.037037037,0.5757524097367717,55783034.46305176,6.61764705882353,3.4398162308352025,1.0,7.0,17.080990425561648,7.0,Windows,1,WannaCry1
26.613333333333337,1.741131881818565,24.986666666666668,1.1700000000000002,0.37000000000000005,0.08,2314197128.5333333,58262127.932570554,0.5388751067834983,136.0,605.0,4.416058394160584,,,,,,,,2.2394448409821734,37.0,,,,,,,,,,,,,,,,Windows,1,WannaCry1
40.9,7.919595949289334,24.4,9.95,6.65,0.0,2340548608.0,91534961.51089008,0.5450112116712019,19.0,67.0,3.35,,,,,,,,2.0468748659880864,100.0,,,,,,,,,,,,,,,,Windows,1,WannaCry1
,,,,,,,,,,,,,,,,,,,2.4863073468885726,54.0,,,,,,,,,,,,,,,,Windows,1,WannaCry1
,,,,,,,,,,,,,,,,,,,1.4488156357251847,7.0,,,,,,,,,,,,,,,,Windows,1,WannaCry1
30.013333333333332,4.509815603947594,25.993333333333336,3.3333333333333335,0.65,0.04000000000000001,2335554628.266667,76416919.92697856,0.5438483326195889,309.0,1611.0,5.196774193548387,3613.0,671.0,2287.0,627.0,7.224743980071962,965.0,0.1876037631433315,2.7836906202883807,196.0,251.0,103.0,144.0,358.09722222222223,39.625,7133550.611111111,5757178.152777778,0.8070563537818224,53579288.37194899,7.586206896551724,3.5944150220281315,1.0,7.0,16.658850981304678,7.0,Windows,1,WannaCry2
28.768181818181812,3.758341372218584,25.822727272727267,2.4954545454545447,0.35454545454545455,0.10909090909090909,2340287953.4545455,71490973.10236295,0.5449505166490348,51.0,974.0,18.73076923076923,29.0,3.0,26.0,0.0,6.0,15.0,0.03333333333333333,2.1785843200537167,38.0,251.0,103.0,138.0,832.5,137.33333333333334,55971232.03623188,9998174.644927537,0.17863059472810638,75867344.80707763,8.633093525179856,3.560254972802951,1.0,6.0,16.72167113999931,7.0,Windows,1,WannaCry2
,,,,,,,,,,,,53.0,1.0,16.0,36.0,6.6415094339622645,48.0,0.12962962962962962,2.115499638114608,44.0,251.0,103.0,136.0,885.9411764705883,154.06617647058823,56845969.441176474,14835538.580882354,0.2609778400429278,120624121.64132543,8.75912408759124,3.5545622640975196,1.0,6.0,16.293001711222665,7.0,Windows,1,WannaCry2
,,,,,,,,,,,,5.0,0.0,5.0,0.0,4.6,4.0,0.0,1.4949188482339508,11.0,251.0,103.0,134.0,894.179104477612,167.09701492537314,57649429.05223881,19799925.925373133,0.34345397530264404,171791597.68261597,8.88888888888889,3.501759821455474,1.0,6.0,15.993451040675245,7.0,Windows,1,WannaCry2
31.56,15.617752940053562,28.283333333333335,3.2066666666666666,0.056666666666666664,0.013333333333333334,3027946973.866667,10759334.85237992,0.7050761703741644,11.0,188.0,15.666666666666666,25.0,6.0,19.0,0.0,5.68,9.0,0.19230769230769232,1.845261786969073,149.0,251.0,103.0,144.0,3124.0833333333335,3500.7361111111113,47924238.86805555,21708284.715277776,0.452970871839486,120158163.08525544,14.482758620689657,3.581403884686048,1.0,7.0,18.525221281523514,7.0,Windows,0,datos1
27.237931034482763,2.7558267871526643,25.63448275862069,1.6172413793103448,0.0,0.0,3024097138.7586207,6357246.626559655,0.7041797124711757,11.0,171.0,14.25,17.0,4.0,13.0,0.0,5.705882352941177,5.0,0.2777777777777778,0.6219041416291193,52.0,251.0,103.0,141.0,3195.7163120567375,3577.54609929078,48971079.69503546,22184292.872340426,0.4530080316277236,121399521.42594127,14.788732394366196,3.499203940910125,1.0,7.0,18.448856173693997,7.0,Windows,0,datos1
27.093333333333337,2.4813696625651835,25.719999999999995,1.3900000000000001,0.0,0.0,3019098112.0,5118243.305586953,0.7030156581885258,11.0,149.0,12.416666666666666,23.0,5.0,18.0,0.0,5.521739130434782,7.0,0.20833333333333334,1.1867725606702302,45.0,251.0,103.0,141.0,3203.2624113475176,3578.900709219858,48978306.63829787,22193523.964539006,0.4531296615725674,121399336.33939815,14.788732394366196,3.5127763304093405,1.0,7.0,18.387775670745146,7.0,Windows,0,datos1
27.103333333333335,2.276791955624273,25.64333333333333,1.4733333333333332,0.0,0.0,3019327624.5333333,5228679.221335397,0.7030691016006636,6.0,174.0,24.857142857142858,24.0,6.0,18.0,0.0,5.75,8.0,0.2,1.6809377501048501,27.0,251.0,103.0,138.0,3275.0434782608695,3657.246376811594,50047439.268115945,22681067.442028984,0.4531913584495262,122678580.33093236,15.107913669064748,3.455215852178403,1.0,7.0,18.3295004906106,7.0,Windows,0,datos1
27.076666666666664,2.2843822576028234,25.686666666666667,1.4033333333333335,0.0,0.0,3018689740.8,4656577.29721846,0.7029205664302249,2.0,184.0,61.333333333333336,21.0,5.0,16.0,0.0,5.714285714285714,6.0,0.2727272727272727,0.6769759597680174,39.0,251.0,103.0,139.0,3258.63309352518,3635.345323741007,49701811.323741004,22533262.129496403,0.45336902370324567,122246383.37974687,15.714285714285714,3.4685901371043464,1.0,7.0,18.366169346670752,7.0,Windows,0,datos1
26.966666666666665,2.337598728629864,25.62666666666667,1.3566666666666667,0.0,0.0,3019224951.4666667,4249720.085240858,0.703045193542408,3.0,113.0,28.25,20.0,5.0,15.0,0.0,5.75,6.0,0.23809523809523808,0.993897263936423,22.0,251.0,103.0,138.0,3287.123188405797,3662.927536231884,50068725.282608695,22710096.76811594,0.4535784801061389,122675750.60852207,15.827338129496402,3.455215852178403,1.0,7.0,18.3295004906106,7.0,Windows,0,datos1
27.293333333333337,3.023235687634774,25.7,1.5866666666666664,0.013333333333333334,0.0,2994422442.6666665,34786580.568190746,0.6972697760495303,0.0,197.0,197.0,23.0,5.0,18.0,0.0,5.521739130434782,8.0,0.20833333333333334,1.27292078552866,47.0,251.0,103.0,138.0,3294.6376811594205,3663.927536231884,50074486.08695652,22715617.376811594,0.4536365462389048,122675695.03424253,15.827338129496402,3.4607259799314214,1.0,7.0,18.27828187317654,7.0,Windows,0,datos1
38.11,20.087002431091275,32.68,4.820000000000001,0.4800000000000001,0.12000000000000002,2991076966.4,68524154.25718893,0.6964907612204937,498.0,355.0,0.7114228456913828,,,,,,,,1.8790321648426855,75.0,251.0,103.0,140.0,3250.8214285714284,3613.4357142857143,49405623.385714285,22404825.685714286,0.4534873501607375,121818067.77873936,15.602836879432624,3.4792246943823235,1.0,7.0,18.40596131052942,7.0,Windows,0,datos1
33.916666666666664,15.644170079338322,28.516666666666666,5.03,0.36,0.03666666666666667,2973273156.266667,15992057.859794071,0.6923450339751948,122.0,246.0,2.0,55.0,6.0,48.0,1.0,6.163636363636364,23.0,0.14285714285714285,2.103867857863248,146.0,251.0,103.0,140.0,3259.6642857142856,3613.2428571428572,49466149.20714286,22600021.35714286,0.45687851717798406,121832902.73491898,14.893617021276595,3.5850662660050667,1.0,7.0,17.90333521343735,7.0,Windows,0,datos2
33.53333333333333,10.299190906733077,27.286666666666665,5.403333333333333,0.7933333333333333,0.08,3047886301.866667,40223080.17445221,0.7097191661556002,1643.0,432.0,0.26277372262773724,87.0,11.0,70.0,4.0,7.827586206896552,28.0,0.18181818181818182,0.8567651848022239,395.0,251.0,103.0,148.0,3112.7027027027025,3433.0675675675675,46830708.85135135,21409349.31081081,0.45716474037587157,118591073.11971502,16.778523489932887,3.684215739780579,1.0,7.0,17.517218420070883,7.0,Windows,0,datos2
30.436666666666667,6.132023535805955,26.523333333333333,3.363333333333334,0.46333333333333343,0.10333333333333335,3073562487.4666667,26255280.162876803,0.7156980246920646,2022.0,294.0,0.1453287197231834,164.0,11.0,153.0,0.0,4.932926829268292,129.0,0.048484848484848485,0.8912208051660184,128.0,251.0,103.0,142.0,3296.760563380282,3608.1197183098593,48876093.99295775,22372854.211267605,0.4577463525777002,121021029.75449456,16.083916083916083,3.630202142410851,1.0,7.0,17.48696993898768,7.0,Windows,0,datos2
28.689999999999998,3.2808695894774442,25.549999999999997,2.64,0.40499999999999997,0.1,3077483110.4,14940850.953704549,0.7166109659777522,296.0,188.0,0.632996632996633,24.0,4.0,20.0,0.0,5.416666666666667,8.0,0.16,1.1994602933016412,16.0,251.0,103.0,140.0,3358.285714285714,3665.5071428571428,49586752.23571429,22721593.957142856,0.45821902977059387,121865179.44400401,16.312056737588655,3.608412399083027,1.0,7.0,17.402294942939154,7.0,Windows,0,datos2
44.323333333333345,21.71593540639483,36.86666666666666,6.946666666666668,0.36333333333333334,0.14333333333333334,3127080686.9333334,95387538.0883512,0.7281600682651366,1052.0,907.0,0.8613485280151947,72.0,9.0,61.0,1.0,5.583333333333333,28.0,0.1917808219178082,1.6941734833324253,614.0,251.0,103.0,145.0,2808.551724137931,3289.2758620689656,40865621.48275862,19782330.393103447,0.48408244365908526,117207542.19270523,18.493150684931507,3.629683216544085,1.0,7.0,17.2490408940528,7.0,Windows,0,datos3
30.799999999999997,7.1622023747687305,27.424137931034487,3.1793103448275857,0.15172413793103445,0.055172413793103454,3220955842.206897,5142412.597740323,0.7500194784677667,34.0,396.0,11.314285714285715,17.0,4.0,13.0,0.0,5.647058823529412,6.0,0.2222222222222222,0.6036692565107089,241.0,251.0,103.0,145.0,3029.1655172413793,3583.4827586206898,41487745.08275862,20415473.744827587,0.49208442666669233,117255190.63712426,19.863013698630137,3.618505157693829,1.0,7.0,17.306918031952016,7.0,Windows,0,datos3
30.633333333333333,3.3422409716601345,26.63333333333333,3.6,0.3433333333333334,0.08,3195924753.0666666,36244543.69965978,0.7441908346296778,26.0,428.0,15.851851851851851,28.0,7.0,21.0,0.0,5.75,8.0,0.2413793103448276,0.4078561463207644,498.0,251.0,103.0,145.0,3102.9724137931034,3663.7172413793105,41621787.76551724,20555725.92413793,0.49386935386034897,117290361.52244495,20.54794520547945,3.618505157693829,1.0,7.0,17.306918031952016,7.0,Windows,0,datos3
35.833333333333336,11.964670214148542,31.066666666666666,4.503333333333333,0.22666666666666668,0.05333333333333334,3192646860.8,20414984.44971161,0.7434275571528174,267.0,541.0,2.0186567164179103,20.0,5.0,15.0,0.0,5.75,6.0,0.23809523809523808,0.6778891520899536,531.0,251.0,103.0,146.0,3145.3698630136987,3699.3561643835615,41410380.65068493,20509322.938356165,0.4952700777153291,116917834.40139373,20.408163265306122,3.6260843173965074,1.0,7.0,17.35377753606522,7.0,Windows,0,datos3
34.13999999999999,10.501283993742925,29.936666666666664,4.07,0.12000000000000001,0.013333333333333334,3241139131.733333,9244578.345498037,0.754719282198702,141.0,489.0,3.443661971830986,34.0,8.0,26.0,0.0,5.647058823529412,10.0,0.22857142857142856,0.41761875164904233,451.0,251.0,103.0,146.0,3311.6027397260273,3903.72602739726,41872822.10958904,20968731.438356165,0.5007718582402972,117103059.30313735,20.408163265306122,3.6391886934647153,1.0,7.0,17.29265588949304,7.0,Windows,0,datos3
28.786666666666672,3.9600359919413943,26.3,2.4,0.06666666666666667,0.02666666666666667,3245928448.0,6847890.408352855,0.7558345040969574,14.0,292.0,19.466666666666665,15.0,4.0,11.0,0.0,5.733333333333333,5.0,0.25,0.2871878884868237,578.0,251.0,103.0,144.0,3463.8819444444443,4095.8958333333335,42820742.840277776,21635229.0,0.5052511250318265,118119293.53653386,20.0,3.619183985921035,1.0,7.0,17.293789735008712,7.0,Windows,0,datos3
28.516666666666666,4.3465470507481925,26.13333333333333,2.3600000000000003,0.02666666666666667,0.0,3232276616.5333333,7913505.298632972,0.7526555907499977,24.0,187.0,7.48,24.0,6.0,18.0,0.0,5.75,7.0,0.24,0.27019693572618436,480.0,251.0,103.0,144.0,3492.284722222222,4123.534722222223,42880715.375,21715185.180555556,0.5064091045180342,118146139.87859727,20.0,3.619183985921035,1.0,7.0,17.293789735008712,7.0,Windows,0,datos3
49.165,20.905080596277116,42.035000000000004,6.625,0.37,0.135,3203600588.8,75130757.73487495,0.7459782004290098,417.0,639.0,1.5287081339712918,48.0,8.0,36.0,2.0,6.729166666666667,16.0,0.20408163265306123,0.0,63.0,251.0,103.0,149.0,3401.1275167785234,4007.6979865771814,41498810.84563758,21041206.919463087,0.5070315506316109,116224110.64059593,20.0,3.664733719223002,1.0,7.0,17.72299565997235,7.0,Windows,0,datos3
41.28999999999999,21.60777877173579,34.27333333333334,6.673333333333334,0.26999999999999996,0.08,3097269043.2,76874733.83703904,0.7212182427386425,1127.0,515.0,0.45656028368794327,26.0,4.0,22.0,0.0,5.038461538461538,10.0,0.18518518518518517,1.749291544614352,489.0,251.0,103.0,142.0,3324.6478873239435,3729.0845070422533,42292454.612676054,20805477.23943662,0.4919429940407793,118615807.11842206,18.181818181818183,3.5703148563784146,1.0,7.0,17.483605766209536,7.0,Windows,0,datos4
63.442307692307686,29.576317188952693,49.957692307692305,13.088461538461537,0.6192307692307691,0.09615384615384616,3361852967.3846154,70186875.05958775,0.7828282450328478,295.0,2225.0,7.516891891891892,52.0,9.0,39.0,2.0,6.903846153846154,15.0,0.24528301886792453,0.6973693219441883,820.0,251.0,103.0,144.0,3438.8055555555557,3864.8194444444443,42315037.06944445,20877192.993055556,0.4933752619764487,117907354.25854488,17.93103448275862,3.5824011698564013,1.0,7.0,17.730461952406984,7.0,Windows,0,datos4
43.57000000000001,16.47964575280461,37.823333333333345,5.403333333333333,0.1966666666666667,0.11666666666666667,3280501009.0666666,26124298.113291226,0.7638849386545294,304.0,493.0,1.616393442622951,34.0,8.0,26.0,0.0,5.647058823529412,10.0,0.22857142857142856,0.5514118369115055,917.0,251.0,103.0,145.0,3617.731034482759,4109.386206896552,42895295.406896554,21625005.131034482,0.5041346474425501,117778119.4155573,18.493150684931507,3.590214109777493,1.0,7.0,17.776388834631177,7.0,Windows,0,datos4
40.12333333333333,11.994616129412147,33.093333333333334,6.866666666666666,0.13999999999999999,0.02666666666666667,3381895168.0,36445307.34888281,0.7874951953386916,50.0,351.0,6.882352941176471,20.0,5.0,15.0,0.0,5.65,7.0,0.23809523809523808,0.5098326771823921,675.0,251.0,103.0,143.0,3908.0699300699303,4501.475524475524,44367897.25874126,22824877.013986014,0.5144457571751014,119394442.37492648,18.055555555555554,3.580111359406434,1.0,7.0,17.72742050915746,7.0,Windows,0,datos4
34.64666666666666,8.870941843761702,29.76666666666667,4.406666666666666,0.4400000000000001,0.05333333333333334,3412469760.0,9790383.656725403,0.794614678085308,45.0,595.0,12.934782608695652,27.0,7.0,20.0,0.0,5.7407407407407405,8.0,0.25,0.4198408434665226,661.0,251.0,103.0,143.0,4013.153846153846,4621.426573426574,44665409.08391608,23123249.335664336,0.5176992507674516,119678633.66423365,18.055555555555554,3.6055313627475387,1.0,7.0,17.72742050915746,7.0,Windows,0,datos4
38.736666666666665,8.94055013864411,33.416666666666664,4.8566666666666665,0.45666666666666667,0.02666666666666667,3392416563.2,5357559.377573996,0.7899451672499024,34.0,292.0,8.342857142857143,20.0,5.0,15.0,0.0,5.75,6.0,0.23809523809523808,0.6154625321666364,702.0,251.0,103.0,144.0,4059.659722222222,4664.638888888889,44502245.354166664,23130325.354166668,0.5197563549957972,119418538.69052991,17.93103448275862,3.6151980645129944,1.0,7.0,17.77353911888281,7.0,Windows,0,datos4
35.03793103448276,10.522303312254115,31.141379310344828,3.634482758620689,0.24827586206896554,0.027586206896551727,3390936452.413793,9805026.806745337,0.7896005143039047,118.0,322.0,2.7058823529411766,31.0,7.0,24.0,0.0,5.580645161290323,9.0,0.21875,0.3873813202587673,840.0,251.0,103.0,142.0,4243.225352112676,4848.908450704225,45435819.0,23763750.96478873,0.5230179837139228,120525716.71900229,18.181818181818183,3.5701993136788324,1.0,7.0,17.684323400052577,7.0,Windows,0,datos4
36.56666666666667,12.688831182642838,29.730000000000004,6.236666666666666,0.47666666666666674,0.14333333333333334,3253689958.4,236852882.04475802,0.7576418197720278,3611.0,876.0,0.2425249169435216,48.0,9.0,39.0,0.0,4.875,16.0,0.16326530612244897,1.2048527825385682,556.0,251.0,103.0,151.0,4094.8675496688743,4676.0331125827815,43047643.1589404,22591034.125827815,0.5247914158186511,117291054.64388491,19.736842105263158,3.6111557106530547,1.0,9.0,16.75174774856579,7.0,Windows,0,datos4
37.04333333333333,10.495900130061731,29.95,6.209999999999999,0.72,0.2,2968304435.2,72646683.02945074,0.6911880365602535,3565.0,612.0,0.17162086371284352,95.0,14.0,80.0,1.0,5.126315789473685,42.0,0.125,1.7622946907742847,456.0,251.0,103.0,149.0,2833.7852348993288,3331.8523489932886,40902126.469798654,20584820.147651006,0.5032701578383775,117398249.13098468,16.666666666666664,3.653973158568964,1.0,9.0,17.60748113197528,7.0,Windows,0,datos4
28.5,4.1012193308819755,25.55,2.6999999999999997,0.2333333333333333,0.03333333333333333,2944132437.3333335,9743438.853828274,0.6855594374357591,3.0,81.0,20.25,11.0,2.0,9.0,0.0,5.454545454545454,5.0,0.25,0.9641337092176663,111.0,251.0,103.0,140.0,3060.0071428571428,3591.8,43813464.35,22054353.764285713,0.503369308684133,121239326.47502546,15.602836879432624,3.48609245296062,1.0,8.0,17.937801032522156,7.0,Windows,0,datos4
,,,,,,,,,,,,106.0,3.0,102.0,1.0,5.811320754716981,83.0,0.037383177570093455,0.12230890954934262,140.0,0.0,0.0,0.0,,,,,,,0.0,0.0,0.0,0.0,,0.0,Windows,0,datos4
,,,,,,,,,,,,38.0,2.0,34.0,2.0,7.7631578947368425,14.0,0.1282051282051282,1.8038679839376166,53.0,0.0,0.0,0.0,,,,,,,0.0,0.0,0.0,0.0,,0.0,Windows,0,datos4
,,,,,,,,,,,,3.0,0.0,3.0,0.0,4.0,1.0,0.0,0.18717625687320819,35.0,0.0,0.0,0.0,,,,,,,0.0,0.0,0.0,0.0,,0.0,Windows,0,datos4
,,,,,,,,,,,,1.0,0.0,1.0,0.0,4.0,1.0,0.0,0.6840384356390417,11.0,0.0,0.0,0.0,,,,,,,0.0,0.0,0.0,0.0,,0.0,Windows,0,datos4
,,,,,,,,,,,,0.0,0.0,0.0,0.0,,0.0,0.0,0.1292337748458849,56.0,0.0,0.0,0.0,,,,,,,0.0,0.0,0.0,0.0,,0.0,Windows,0,datos4
,,,,,,,,,,,,7.0,0.0,7.0,0.0,5.142857142857143,5.0,0.0,0.24988229283318544,24.0,0.0,0.0,0.0,,,,,,,0.0,0.0,0.0,0.0,,0.0,Windows,0,datos4
,,,,,,,,,,,,0.0,0.0,0.0,0.0,,0.0,0.0,0.9434210438421161,38.0,0.0,0.0,0.0,,,,,,,0.0,0.0,0.0,0.0,,0.0,Windows,0,datos4
,,,,,,,,,,,,0.0,0.0,0.0,0.0,,0.0,0.0,0.8112781244591328,4.0,0.0,0.0,0.0,,,,,,,0.0,0.0,0.0,0.0,,0.0,Windows,0,datos4
,,,,,,,,,,,,7.0,1.0,6.0,0.0,5.428571428571429,4.0,0.0,0.5475531549800071,62.0,251.0,103.0,107.0,4058.9813084112147,4724.411214953271,57144313.57009346,28947400.504672896,0.5065665888627624,138266754.69104287,16.666666666666664,3.142113945874497,1.0,7.0,15.800843859321775,7.0,Windows,0,datos4
31.1,15.275538254526984,27.839999999999996,3.2966666666666673,0.0,0.0,2857770598.4,19771322.296510294,0.6654495493871494,13.0,172.0,12.285714285714286,34.0,3.0,31.0,0.0,4.617647058823529,17.0,0.08571428571428572,1.9300198332512253,112.0,251.0,103.0,134.0,2820.10447761194,2986.1492537313434,43546344.25373134,21019346.201492537,0.48268910006153637,122036690.34424166,14.814814814814813,3.52263114782524,1.0,8.0,16.90109637933378,7.0,Windows,0,datos5
26.968965517241383,2.3322434705474744,25.51379310344828,1.4517241379310346,0.013793103448275864,0.0,2851511613.793103,6314265.990516901,0.6639921061309928,1.0,216.0,108.0,35.0,4.0,31.0,0.0,5.0,23.0,0.1111111111111111,1.522189872165821,17.0,251.0,103.0,134.0,2827.4850746268658,2987.7985074626868,43581652.79850746,21026419.02238806,0.4824603288255241,122038205.4148073,14.814814814814813,3.4954909938821066,1.0,8.0,17.389144686877973,7.0,Windows,0,datos5
26.826666666666664,1.9824981338136776,25.63,1.1900000000000002,0.013333333333333334,0.0,2849208183.4666667,3792774.392171803,0.6634557381406334,0.0,119.0,119.0,26.0,6.0,20.0,0.0,5.730769230769231,9.0,0.2222222222222222,0.8487654053109321,34.0,251.0,103.0,133.0,2851.93984962406,3011.2631578947367,43915810.7443609,21193313.85714286,0.48258959621449393,122490992.33753216,14.925373134328357,3.472786075908923,1.0,8.0,17.40668397653107,7.0,Windows,0,datos5
27.003333333333334,2.0116014092968464,25.636666666666667,1.3466666666666667,0.04000000000000001,0.0,2845558101.3333335,4614558.578841604,0.6626057939525966,7.0,151.0,18.875,21.0,4.0,17.0,0.0,5.238095238095238,11.0,0.22727272727272727,1.4565647621309543,15.0,251.0,103.0,131.0,2900.4045801526718,3058.038167938931,44591047.4351145,21521414.839694656,0.48263980316612154,123400594.38388637,15.151515151515152,3.4235784187138303,1.0,8.0,17.336844478468052,7.0,Windows,0,datos5
27.12,2.180540900943996,25.746666666666666,1.3866666666666667,0.0,0.0,2845165841.0666666,4567316.4172708,0.6625144537247133,11.0,227.0,18.916666666666668,24.0,6.0,18.0,0.0,5.75,7.0,0.24,0.7607327460318963,33.0,251.0,103.0,132.0,2882.6363636363635,3035.537878787879,44258194.63636363,21361642.818181816,0.4826595958338292,122942682.0038035,15.037593984962406,3.4345507745501367,1.0,8.0,17.37010616649461,7.0,Windows,0,datos5
27.93,2.797554350647649,26.033333333333328,1.8033333333333335,0.09000000000000001,0.0,2855090722.133333,3999736.4581998335,0.6648255236325751,154.0,13709.0,88.44516129032257,680.0,68.0,461.0,2.0,4.704411764705882,95.0,0.3142437591776799,1.4605272179189215,35.0,251.0,103.0,134.0,2847.589552238806,3000.910447761194,43607922.79104478,21099014.686567165,0.48383442393788095,122040273.35850745,14.814814814814813,3.4661666741084964,1.0,8.0,17.389144686877973,7.0,Windows,0,datos5
26.855172413793106,2.1014597319306665,25.57241379310345,1.286206896551724,0.0,0.0,2860469000.827586,4990024.554358754,0.6660778890728147,7.0,165.0,20.625,30.0,6.0,24.0,0.0,5.433333333333334,12.0,0.25806451612903225,0.5821234801200702,57.0,251.0,103.0,133.0,2873.9849624060153,3110.4135338345864,43945948.84962406,21645074.70676692,0.4925385565867359,122526429.11190371,14.925373134328357,3.4398427763210684,1.0,8.0,17.367142743088845,7.0,Windows,0,datos5
27.173333333333332,2.6728434211571375,25.68,1.48,0.02666666666666667,0.0,2854136900.266667,6019822.522905602,0.6646034203147916,3.0,524.0,131.0,16.0,4.0,12.0,0.0,5.75,5.0,0.23529411764705882,0.6746799231474563,30.0,251.0,103.0,130.0,2945.5384615384614,3183.730769230769,44966224.83846154,22150366.43846154,0.49260007984738136,123897124.8672191,15.267175572519085,3.409696179740582,1.0,8.0,17.30691803195202,7.0,Windows,0,datos5
26.9,2.553699142488172,25.66,1.2500000000000002,0.0,0.0,2853675554.133333,3663529.5164127303,0.6644959930157949,2.0,130.0,43.333333333333336,24.0,6.0,18.0,0.0,5.75,7.0,0.24,1.1775401875798155,33.0,251.0,103.0,131.0,2927.358778625954,3162.389312977099,44628242.49618321,22060422.358778626,0.49431527280846993,123474677.75596629,15.151515151515152,3.4235784187138303,1.0,8.0,17.336844478468052,7.0,Windows,0,datos5
26.966666666666672,2.8707001829222585,25.780000000000005,1.1866666666666668,0.0,0.0,2854532027.733333,3715406.8193772854,0.6646954281879186,6.0,3296.0,470.85714285714283,350.0,17.0,197.0,68.0,4.828571428571428,111.0,0.24786324786324787,1.41379956460568,14.0,251.0,103.0,133.0,2891.3007518796994,3116.1503759398497,43964735.80451128,21738723.47368421,0.4944581738393023,122568957.64805357,14.925373134328357,3.4576345607574077,1.0,8.0,17.352741773530298,7.0,Windows,0,datos5
26.87333333333333,2.708980382476713,25.549999999999994,1.3233333333333335,0.0,0.0,2850086502.4,3988401.0844514654,0.6636602601336626,1.0,223.0,111.5,24.0,6.0,18.0,0.0,5.75,7.0,0.24,0.9023840604289703,31.0,251.0,103.0,132.0,2916.568181818182,3161.689393939394,44306780.303030305,22006119.62121212,0.4966761063211568,123056520.53304824,15.037593984962406,3.4345507745501367,1.0,8.0,17.37010616649461,7.0,Windows,0,datos5
26.84,2.334880439480074,25.516,1.32,0.0,0.016,2850687877.12,3524895.477813306,0.663800293954663,3.0,140.0,35.0,17.0,4.0,13.0,0.0,6.0588235294117645,6.0,0.2222222222222222,1.1488348542809168,14.0,251.0,103.0,131.0,2943.8320610687024,3186.9847328244273,44652024.28244275,22188269.71755725,0.49691519202560597,123518034.55297616,15.151515151515152,3.4235784187138303,1.0,8.0,17.336844478468052,7.0,Windows,0,datos5
32.03666666666667,16.22200470908603,28.31,3.72,0.0,0.013333333333333334,3030142566.4,29168906.73735229,0.7055874276677911,47.0,489.0,10.1875,144.0,4.0,134.0,6.0,5.409722222222222,121.0,0.06896551724137931,1.7307059332466523,99.0,251.0,103.0,149.0,6498.281879194631,4106.4697986577185,41542511.43624161,33799568.241610736,0.8136139645738917,200095184.91090867,16.0,3.6020067643502114,1.0,8.0,18.92166514249488,7.0,Windows,0,datos6
61.3,20.138236552105834,50.49310344827585,10.048275862068966,0.4482758620689655,0.33793103448275863,3324089873.6551723,207673814.04718918,0.7740348752222017,2088.0,2394.0,1.1460028721876496,88.0,8.0,78.0,2.0,5.1022727272727275,44.0,0.12359550561797752,1.609949852679023,767.0,251.0,103.0,151.0,6406.649006622517,4067.119205298013,40972228.47682119,33373895.953642383,0.8145491807450376,198796075.31251884,22.36842105263158,3.4762199323675125,1.0,8.0,18.283622443957942,7.0,Windows,0,datos6
44.92666666666666,15.874180583431773,39.826666666666675,4.8866666666666685,0.2,0.02666666666666667,3414218888.5333333,37210330.69235559,0.7950219734766799,629.0,784.0,1.2444444444444445,56.0,10.0,46.0,0.0,5.303571428571429,27.0,0.17543859649122806,0.7769294141122748,393.0,251.0,103.0,150.0,7020.48,4947.393333333333,43466621.126666665,35684046.81333333,0.8209528384640972,200023200.79645756,23.841059602649008,3.478362891502912,1.0,8.0,18.194662723831595,7.0,Windows,0,datos6
31.9,6.166091927239847,27.496666666666673,4.153333333333333,0.24000000000000005,0.02666666666666667,3367717546.6666665,24686285.88918612,0.7841938485710643,26.0,488.0,18.074074074074073,21.0,4.0,17.0,0.0,5.333333333333333,8.0,0.18181818181818182,0.5698781912454723,661.0,251.0,103.0,149.0,7066.302013422819,5050.268456375839,44324074.15436242,36501630.66442953,0.8235170285518525,201280417.87904036,21.333333333333336,3.4884674580153967,1.0,8.0,18.15051449602981,7.0,Windows,0,datos6
47.49666666666668,16.59870130635139,41.669999999999995,5.026666666666667,0.6966666666666667,0.12666666666666665,3411579153.0666666,42542075.49233896,0.7944072947555194,196.0,480.0,2.436548223350254,46.0,10.0,36.0,0.0,5.543478260869565,17.0,0.2127659574468085,0.8129326544579756,320.0,251.0,103.0,148.0,7189.972972972973,5169.628378378378,44767027.91216216,36900421.777027026,0.824276765148514,202038120.54568782,21.476510067114095,3.4669790500961883,1.0,8.0,18.164462899251955,7.0,Windows,0,datos6
42.78333333333333,15.06420931542212,38.556666666666665,3.776666666666667,0.4366666666666667,0.02666666666666667,3426116949.3333335,5854217.454995491,0.7977925104828252,14.0,250.0,16.666666666666668,28.0,7.0,21.0,0.0,5.75,8.0,0.2413793103448276,,,251.0,103.0,146.0,7650.246575342466,5788.684931506849,46780395.75342466,38792991.62328767,0.829257430794401,205550158.83229324,21.08843537414966,3.447521922273701,1.0,8.0,18.097773668733563,7.0,Windows,0,datos6
38.34827586206896,12.58106913154088,34.46896551724138,3.427586206896551,0.3551724137931035,0.10689655172413794,3417674434.206897,4214477.63743159,0.7958266186475159,7.0,167.0,20.875,33.0,8.0,25.0,0.0,5.696969696969697,10.0,0.23529411764705882,,,251.0,103.0,148.0,7705.668918918919,5943.472972972973,46681084.77027027,38793841.72972973,0.8310398331487893,205292941.0662966,21.476510067114095,3.4747698462031718,1.0,8.0,18.11582199448724,7.0,Windows,0,datos6
39.36,13.304331677288806,34.35666666666667,4.25,0.6699999999999999,0.06666666666666667,3418541260.8,6264694.19925777,0.7960284645780816,9.0,139.0,13.9,30.0,7.0,23.0,0.0,5.633333333333334,9.0,0.22580645161290322,,,251.0,103.0,148.0,7887.290540540541,6195.371621621622,47230315.10810811,39335301.52027027,0.8328401069819965,206548231.23917127,21.476510067114095,3.479905135333536,1.0,8.0,18.11582199448724,7.0,Windows,0,datos6
32.053333333333335,5.9318970236215804,27.939999999999998,3.603333333333333,0.46,0.04000000000000001,3418316936.5333333,4930807.989229797,0.7959762292859089,12.0,140.0,10.76923076923077,24.0,6.0,18.0,0.0,5.75,7.0,0.24,,,251.0,103.0,146.0,8164.821917808219,6525.075342465753,48417901.10273973,40393543.13013699,0.8342687596092958,209299531.40717462,21.768707482993197,3.447521922273701,1.0,8.0,18.097773668733563,7.0,Windows,0,datos6
37.26333333333333,11.831211886896611,32.42,4.3566666666666665,0.4433333333333334,0.04000000000000001,3416073147.733333,4862953.578238718,0.7954537491936593,4.0,222.0,44.4,24.0,6.0,18.0,0.0,5.75,7.0,0.24,,,251.0,103.0,147.0,8161.047619047619,6529.530612244898,48100080.08163265,40130040.489795916,0.8343029697120375,208612471.96215674,21.62162162162162,3.458278121914842,1.0,8.0,18.12961683367709,7.0,Windows,0,datos6
33.36,9.126301513227844,29.409999999999993,3.3866666666666663,0.56,0.013333333333333334,3403569561.6,28685667.527830742,0.7925422118705416,74.0,131.0,1.7466666666666666,24.0,6.0,18.0,0.0,5.666666666666667,9.0,0.24,,,251.0,103.0,146.0,8378.616438356165,6800.972602739726,48917560.19178082,40884006.0890411,0.8357735973131561,210642452.95897013,21.768707482993197,3.447521922273701,1.0,8.0,18.097773668733563,7.0,Windows,0,datos6
32.00666666666667,5.826096660616829,28.360000000000003,3.2366666666666664,0.4066666666666667,0.013333333333333334,3345927782.4,6593851.855780314,0.7791199672663075,52.0,226.0,4.264150943396227,24.0,5.0,19.0,0.0,5.541666666666667,9.0,0.2,,,251.0,103.0,144.0,5385.722222222223,6044.631944444444,47918436.715277776,27730397.076388888,0.5786999409529505,134836309.23485357,22.06896551724138,3.5086740814140085,1.0,8.0,17.446463394261894,7.0,Windows,0,datos6
35.88965517241378,11.626181808671145,31.913793103448278,3.5724137931034488,0.3724137931034483,0.04137931034482759,3342230351.448276,3571243.314664312,0.7782589976132176,6.0,188.0,26.857142857142858,24.0,6.0,18.0,0.0,5.75,7.0,0.24,,,251.0,103.0,140.0,5592.807142857143,6270.085714285714,49300414.692857146,28551122.62142857,0.5791253931671245,136710545.28565475,22.69503546099291,3.457127622375901,1.0,8.0,17.170426011365144,7.0,Windows,0,datos6
32.90666666666667,7.40656434538301,28.543333333333333,3.916666666666667,0.4233333333333334,0.04000000000000001,3337701649.0666666,6170849.01252501,0.7772044612691046,18.0,229.0,12.052631578947368,25.0,6.0,19.0,0.0,5.68,8.0,0.23076923076923078,,,251.0,103.0,141.0,5693.085106382979,6415.609929078014,49337511.92907801,28727439.113475177,0.5822636247346005,138089559.28885293,22.535211267605636,3.4678422307110095,1.0,8.0,17.20170610173472,7.0,Windows,0,datos6
36.893333333333324,11.873352759314718,32.486666666666665,3.786666666666667,0.5966666666666665,0.04000000000000001,3331090432.0,3196141.643022422,0.775664998507336,11.0,264.0,22.0,23.0,6.0,17.0,0.0,5.739130434782608,7.0,0.25,,,251.0,103.0,140.0,5837.728571428572,6589.278571428571,49888358.85,29136111.114285715,0.584026237821601,139521044.0798699,22.69503546099291,3.457127622375901,1.0,8.0,17.170426011365144,7.0,Windows,0,datos6
39.80454545454546,16.89033189988615,33.02727272727273,5.831818181818182,0.8454545454545456,0.1272727272727273,3354360925.090909,14973358.390186736,0.7810836766720677,657.0,832.0,1.2644376899696048,4337.0,896.0,2549.0,890.0,7.3239566520636386,730.0,0.10926694329183956,,,251.0,103.0,144.0,5804.180555555556,6544.513888888889,48859342.604166664,28588354.069444444,0.5851153937116435,139008272.69133762,22.06896551724138,3.5086740814140085,1.0,8.0,17.446463394261894,7.0,Windows,0,datos6
38.97241379310345,18.002061321489276,31.448275862068964,6.596551724137932,0.896551724137931,0.055172413793103454,3340553816.275862,42975874.670009494,0.7778686060346777,25.0,233.0,8.961538461538462,43.0,4.0,39.0,0.0,4.651162790697675,18.0,0.09090909090909091,1.6740608414171652,251.0,251.0,103.0,145.0,4501.806896551724,4276.689655172414,41722369.83448276,22156634.434482757,0.5310492666483544,119134042.61176656,19.17808219178082,3.5639079559920845,1.0,8.0,17.38200181015134,7.0,Windows,0,datos7
37.88333333333334,11.880760550754646,33.1,4.290000000000001,0.43666666666666676,0.08,3366443554.133333,3274771.9377337606,0.7838971915343854,19.0,326.0,16.3,26.0,6.0,20.0,0.0,5.615384615384615,8.0,0.2222222222222222,0.41143354828987194,266.0,251.0,103.0,145.0,4581.5310344827585,4366.020689655173,41861968.43448276,22325128.83448276,0.5333033571061038,119128161.6881708,19.863013698630137,3.5167841586968955,1.0,8.0,17.67397185257891,7.0,Windows,0,datos7
33.96666666666666,6.829365262237586,28.886666666666667,4.503333333333333,0.5100000000000001,0.06666666666666667,3249305736.5333333,44035000.67574988,0.7566209266089376,7.0,652.0,81.5,24.0,6.0,18.0,0.0,5.75,7.0,0.24,0.3273674403165816,373.0,251.0,103.0,145.0,4721.786206896551,4564.703448275862,42295963.74482758,22739897.03448276,0.5376375068324607,119174749.1173637,20.54794520547945,3.5167841586968955,1.0,8.0,17.67397185257891,7.0,Windows,0,datos7
38.83666666666666,12.717744414341158,33.43,4.843333333333333,0.4133333333333334,0.16666666666666666,3217409911.4666667,5570612.729865378,0.7491937865754346,4.0,244.0,48.8,29.0,7.0,22.0,0.0,5.689655172413793,9.0,0.23333333333333334,0.29143762084494274,448.0,251.0,103.0,142.0,4899.37323943662,4747.957746478874,43286382.288732395,23388292.478873238,0.540315237770426,120504964.16221598,20.27972027972028,3.470200267791529,1.0,8.0,17.66093136649441,7.0,Windows,0,datos7
32.78333333333334,6.8681214283108725,28.393333333333327,3.9366666666666665,0.4000000000000001,0.09333333333333332,3207390958.9333334,8241724.996309228,0.7468608115450488,84.0,165.0,1.9411764705882353,28.0,6.0,22.0,0.0,5.5,9.0,0.20689655172413793,0.5547767591248358,268.0,251.0,103.0,143.0,5032.4125874125875,4939.377622377622,43430896.22377622,23655589.41258741,0.5446719023717791,120340865.45320389,20.13888888888889,3.492152028450989,1.0,8.0,17.644362539116134,7.0,Windows,0,datos7
35.276666666666664,10.797499178316574,30.899999999999995,3.93,0.4233333333333334,0.02666666666666667,3200262144.0,7020867.842367971,0.745200822920452,4.0,286.0,57.2,20.0,5.0,15.0,0.0,5.75,6.0,0.23809523809523808,0.4842763505513376,215.0,251.0,103.0,141.0,5177.2056737588655,5096.106382978724,44155289.0070922,24093622.943262413,0.5456565439699865,121244605.45893717,20.422535211267608,3.459505427979341,1.0,8.0,17.627314662824347,7.0,Windows,0,datos7
31.855172413793102,5.226415475181037,27.91379310344827,3.375862068965517,0.5724137931034483,0.027586206896551727,3200409317.5172415,5311320.030325354,0.7452350931837072,5.0,176.0,29.333333333333332,24.0,6.0,18.0,0.0,6.166666666666667,9.0,0.24,0.49107228293705435,245.0,251.0,103.0,142.0,5266.105633802817,5225.422535211268,44157084.00704225,24227495.61971831,0.5486661000347841,121122682.53305028,20.27972027972028,3.470200267791529,1.0,8.0,17.66093136649441,7.0,Windows,0,datos7
32.44333333333333,6.943798192151996,28.586666666666666,3.5066666666666664,0.32000000000000006,0.05333333333333334,3203221367.4666667,5004443.756393862,0.7458898963973545,6.0,201.0,28.714285714285715,24.0,6.0,18.0,0.0,5.75,7.0,0.24,0.29052969601775963,381.0,251.0,103.0,140.0,5430.042857142857,5399.221428571429,44894506.14285714,24674839.0,0.5496182176916011,122060296.33085725,20.56737588652482,3.4770119493960463,1.0,8.0,17.398444825700405,7.0,Windows,0,datos7
32.812,11.690677197379687,27.795999999999996,4.5600000000000005,0.396,0.064,2974875484.16,99281973.51019493,0.6927181459300823,431.0,677.0,1.5671296296296295,56.0,4.0,52.0,0.0,4.892857142857143,41.0,0.12280701754385964,1.7686307873704965,262.0,251.0,103.0,149.0,5192.335570469799,5164.563758389262,42364223.134228185,23290201.060402684,0.5497610669467061,118543353.46040824,20.666666666666668,3.519343127266249,1.0,9.0,17.156827362487473,7.0,Windows,0,datos7
